sub	ses	block	earth_rt_mean	earth_rt_median	earth_n_miss	earth_p_miss	planet_rt_mean	planet_rt_median	planet_n_miss	planet_p_miss	reward_rate	avg_reward	reward_rate_corrected	prob_sameplanet_earthsame	prob_sameplanet_earthdif
21	1	b1	1135.249	1095.643	2	0.08	826.292	811.313	2	0.08	6.087	5.96	0.127	0.357	0.444
21	1	b2	1126.981	1061.66	1	0.04	954.279	890.085	2	0.08	2.652	3.26	-0.608	0.273	0.417
21	1	b3	1101.874	947.168	0	0.0	728.926	716.386	1	0.04	3.375	3.54	-0.165	0.167	0.667
21	1	b4	838.574	854.516	0	0.0	878.66	865.668	1	0.04	5.292	4.8	0.492	0.538	0.364
39	1	b1	1047.023	962.225	2	0.08	930.32	862.397	2	0.08	5.565	5.78	-0.215	0.7	0.154
39	1	b2	1007.601	1033.088	2	0.08	1006.861	935.881	2	0.08	4.696	4.4	0.296	0.444	0.571
39	1	b3	926.446	845.648	0	0.0	782.287	726.512	0	0.0	4.36	3.84	0.52	0.6	0.467
39	1	b4	925.524	900.632	0	0.0	584.186	517.584	1	0.04	3.75	3.62	0.13	0.5	0.5
41	1	b1	507.003	485.717	0	0.0	520.96	413.885	0	0.0	4.0	3.58	0.42	0.647	0.25
41	1	b2	764.422	747.39	0	0.0	536.251	472.149	0	0.0	5.68	5.54	0.14	0.417	0.308
41	1	b3	747.896	753.775	0	0.0	569.04	570.069	0	0.0	4.0	3.48	0.52	0.733	0.4
41	1	b4	729.193	682.063	0	0.0	591.827	511.964	0	0.0	5.36	5.96	-0.6	0.462	0.5
45	1	b1	941.468	921.759	0	0.0	390.248	389.927	0	0.0	4.72	4.6	0.12	0.6	0.4
45	1	b2	857.885	780.859	0	0.0	425.474	388.679	0	0.0	4.32	3.22	1.1	0.5	0.462
45	1	b3	853.632	757.038	0	0.0	383.548	370.554	1	0.04	6.5	5.64	0.86	0.615	0.364
45	1	b4	852.296	866.847	0	0.0	383.473	386.187	0	0.0	4.8	4.18	0.62	0.615	0.5
47	1	b1	780.867	720.383	0	0.0	572.769	537.263	2	0.08	3.696	3.72	-0.024	0.714	0.667
47	1	b2	890.583	773.066	0	0.0	908.096	832.546	0	0.0	3.48	3.16	0.32	0.417	0.462
47	1	b3	856.028	795.494	0	0.0	739.549	635.45	0	0.0	5.12	4.18	0.94	0.778	0.571
47	1	b4	869.374	779.396	0	0.0	786.974	682.968	1	0.04	5.333	4.48	0.853	0.909	0.615
48	1	b1	811.743	797.144	2	0.08	783.766	714.61	2	0.08	5.0	4.42	0.58	0.667	0.636
48	1	b2	933.31	841.425	0	0.0	666.418	601.797	0	0.0	5.76	4.56	1.2	0.636	0.929
48	1	b3	802.296	730.181	0	0.0	731.953	614.04	0	0.0	2.92	3.12	-0.2	0.538	0.417
48	1	b4	845.687	894.17	1	0.04	584.409	497.429	2	0.08	4.0	4.66	-0.66	0.778	0.571
49	1	b1	712.75	680.108	0	0.0	608.976	538.655	1	0.04	4.667	4.98	-0.313	0.333	0.556
49	1	b2	786.336	709.071	0	0.0	644.857	553.163	0	0.0	4.96	5.08	-0.12	0.562	0.444
49	1	b3	777.754	662.841	0	0.0	612.828	564.078	0	0.0	3.68	3.1	0.58	0.375	0.556
49	1	b4	858.823	783.258	1	0.04	609.444	422.092	1	0.04	4.042	4.08	-0.038	0.533	0.667
51	1	b1	877.16	802.773	2	0.08	578.241	477.17	2	0.08	4.565	4.1	0.465	0.471	0.167
51	1	b2	1088.403	1069.842	1	0.04	480.593	456.243	2	0.08	5.957	5.68	0.277	0.357	0.444
51	1	b3	776.704	737.633	1	0.04	466.843	376.252	1	0.04	4.208	4.32	-0.112	0.455	0.308
51	1	b4	996.538	884.326	1	0.04	529.89	451.517	1	0.04	3.792	3.66	0.132	0.357	0.5
52	1	b1	700.431	656.344	5	0.2	848.338	536.449	7	0.28	5.111	4.72	0.391	0.556	0.667
52	1	b2	938.708	789.124	2	0.08	682.577	611.277	3	0.12	3.727	4.0	-0.273	0.182	0.455
52	1	b3	796.813	704.601	2	0.08	712.362	708.457	3	0.12	3.818	4.16	-0.342	0.364	0.273
52	1	b4	988.15	887.533	1	0.04	621.025	523.925	2	0.08	5.0	5.16	-0.16	0.417	0.636
54	1	b1	1030.696	900.854	1	0.04	725.019	679.323	1	0.04	3.125	3.08	0.045	0.267	0.111
54	1	b2	1091.408	1069.601	2	0.08	865.079	784.76	3	0.12	3.727	3.4	0.327	0.6	0.333
54	1	b3	1003.163	922.339	0	0.0	863.677	773.441	0	0.0	5.32	5.0	0.32	0.818	0.357
54	1	b4	965.85	945.091	1	0.04	780.518	754.674	1	0.04	4.792	4.22	0.572	0.5	0.357
55	1	b1	689.334	691.78	0	0.0	640.502	632.482	0	0.0	4.12	3.18	0.94	0.533	0.9
55	1	b2	701.844	687.195	0	0.0	571.824	561.887	0	0.0	2.92	2.66	0.26	0.667	0.562
55	1	b3	734.512	731.805	0	0.0	599.06	595.567	0	0.0	6.6	5.38	1.22	0.7	0.667
55	1	b4	824.449	793.188	1	0.04	611.102	561.719	1	0.04	3.833	3.78	0.053	0.615	0.545
56	1	b1	854.857	823.776	0	0.0	498.817	487.836	0	0.0	2.72	3.06	-0.34	0.615	0.5
56	1	b2	926.435	875.397	0	0.0	444.122	419.735	0	0.0	4.32	4.54	-0.22	0.444	0.312
56	1	b3	1062.922	1038.535	0	0.0	476.035	458.495	1	0.04	6.0	4.52	1.48	0.667	0.5
56	1	b4	940.807	876.54	0	0.0	436.393	423.116	0	0.0	6.24	5.6	0.64	0.462	0.917
57	1	b1	857.128	806.996	0	0.0	620.955	532.218	2	0.08	2.348	2.76	-0.412	0.545	0.25
57	1	b2	894.283	856.864	3	0.12	705.147	730.598	3	0.12	2.864	2.72	0.144	0.4	0.333
57	1	b3	858.339	876.906	0	0.0	510.411	512.982	1	0.04	3.417	2.72	0.697	0.3	0.571
57	1	b4	828.801	756.09	2	0.08	363.346	277.074	2	0.08	2.696	2.48	0.216	0.455	0.25
68	1	b1	499.968	344.211	0	0.0	670.286	618.648	0	0.0	5.56	5.62	-0.06	0.467	0.3
68	1	b2	612.973	558.339	1	0.04	789.478	692.021	1	0.04	5.792	6.1	-0.308	0.294	0.429
68	1	b3	872.102	701.582	0	0.0	685.984	625.474	2	0.08	3.174	3.54	-0.366	0.4	0.308
68	1	b4	576.646	520.801	0	0.0	780.491	706.695	0	0.0	5.16	5.18	-0.02	0.333	0.385
69	1	b1	967.155	734.104	1	0.04	1038.205	1036.39	1	0.04	4.167	4.7	-0.533	0.5	0.667
69	1	b2	955.523	970.594	2	0.08	929.999	771.157	4	0.16	4.952	5.32	-0.368	0.273	0.3
69	1	b3	796.095	745.951	2	0.08	677.895	613.288	2	0.08	6.0	5.48	0.52	0.4	0.462
69	1	b4	833.246	813.224	1	0.04	724.22	629.902	1	0.04	4.667	4.46	0.207	0.2	0.643
70	1	b1	971.552	826.761	1	0.04	855.167	796.009	1	0.04	4.542	4.46	0.082	0.364	0.308
70	1	b2	1008.1	836.623	2	0.08	614.893	630.768	2	0.08	4.652	4.06	0.592	0.333	0.545
70	1	b3	934.294	870.809	0	0.0	709.78	641.577	1	0.04	5.167	5.44	-0.273	0.692	0.727
70	1	b4	1036.291	974.384	3	0.12	623.906	647.506	3	0.12	5.409	4.38	1.029	0.455	0.545
71	1	b1	960.017	775.911	0	0.0	809.968	787.424	1	0.04	2.458	2.6	-0.142	0.588	0.571
71	1	b2	876.82	779.662	1	0.04	800.61	687.94	3	0.12	4.682	5.52	-0.838	0.5	0.357
71	1	b3	753.746	718.974	2	0.08	756.226	529.162	5	0.2	3.7	4.62	-0.92	0.364	0.444
71	1	b4	721.08	603.915	1	0.04	728.833	676.817	2	0.08	4.043	4.18	-0.137	0.6	0.231
72	1	b1	742.313	719.78	0	0.0	597.101	560.302	0	0.0	4.4	5.04	-0.64	0.545	0.571
72	1	b2	697.148	685.818	0	0.0	549.897	533.934	0	0.0	4.04	3.82	0.22	0.4	0.5
72	1	b3	635.295	604.995	0	0.0	517.214	526.705	0	0.0	3.56	3.94	-0.38	0.364	0.5
72	1	b4	566.205	553.336	0	0.0	549.051	507.662	1	0.04	3.5	3.46	0.04	0.556	0.467
73	1	b1	1120.275	1046.183	0	0.0	987.605	975.146	2	0.08	3.217	2.64	0.577	0.462	0.5
73	1	b2	957.065	974.366	0	0.0	1032.951	978.759	0	0.0	5.76	5.1	0.66	0.286	0.273
73	1	b3	933.248	921.602	0	0.0	1025.425	998.955	1	0.04	5.917	5.68	0.237	0.714	0.647
73	1	b4	1026.392	975.491	0	0.0	1139.036	1111.332	3	0.12	5.364	5.34	0.024	0.583	0.4
74	1	b1	1042.799	1003.335	2	0.08	412.147	498.262	2	0.08	4.609	4.26	0.349	0.467	0.25
74	1	b2	1028.881	1096.82	2	0.08	473.328	369.277	2	0.08	3.739	3.34	0.399	0.364	0.333
74	1	b3	521.918	138.426	1	0.04	240.038	39.57	3	0.12	3.5	3.48	0.02	0.75	0.5
74	1	b4	667.392	642.217	1	0.04	112.163	28.44	2	0.08	5.217	4.82	0.397	0.615	0.4
75	1	b1	969.305	830.584	1	0.04	597.478	577.079	1	0.04	6.25	5.94	0.31	0.75	0.167
75	1	b2	966.342	895.047	0	0.0	540.402	479.416	1	0.04	4.25	3.92	0.33	0.455	0.385
75	1	b3	1019.671	941.809	2	0.08	568.2	447.421	3	0.12	3.182	3.18	0.002	0.5	0.438
75	1	b4	970.331	874.524	1	0.04	584.391	443.036	1	0.04	5.292	4.86	0.432	0.615	0.545
77	1	b1	905.415	942.799	2	0.08	608.906	538.504	3	0.12	6.409	6.96	-0.551	0.444	0.615
77	1	b2	739.462	462.33	2	0.08	701.648	606.019	2	0.08	5.826	5.3	0.526	0.444	0.357
77	1	b3	543.893	407.031	0	0.0	666.609	692.71	1	0.04	4.917	4.64	0.277	0.25	0.5
77	1	b4	361.156	402.598	1	0.04	283.348	117.25	1	0.04	4.625	4.46	0.165	0.667	0.417
78	1	b1	1016.485	1015.697	1	0.04	700.697	664.993	3	0.12	5.5	5.2	0.3	0.5	0.625
78	1	b2	1042.737	1023.985	1	0.04	852.226	810.118	2	0.08	3.826	3.94	-0.114	0.455	0.333
78	1	b3	956.496	900.571	0	0.0	719.364	658.429	1	0.04	4.167	4.2	-0.033	0.214	0.2
78	1	b4	992.27	984.615	0	0.0	657.623	517.751	1	0.04	4.292	4.7	-0.408	0.538	0.727
80	1	b1	1017.741	925.642	0	0.0	568.989	543.22	0	0.0	3.2	3.12	0.08	0.529	0.5
80	1	b2	1021.463	1007.778	0	0.0	545.517	506.775	0	0.0	4.64	3.96	0.68	0.833	0.231
80	1	b3	952.885	916.188	0	0.0	578.152	552.347	0	0.0	5.48	5.52	-0.04	0.75	0.923
80	1	b4	933.857	887.079	0	0.0	647.668	618.604	0	0.0	6.16	6.14	0.02	0.812	0.778
83	1	b1	1152.229	1055.184	1	0.04	1098.213	1171.822	1	0.04	5.958	5.72	0.238	0.385	0.545
83	1	b2	830.254	783.395	2	0.08	921.957	911.318	2	0.08	5.565	5.74	-0.175	0.4	0.615
83	1	b3	774.197	690.998	2	0.08	793.293	809.545	2	0.08	3.739	3.84	-0.101	0.462	0.3
83	1	b4	868.618	758.316	2	0.08	745.408	730.971	3	0.12	4.591	4.62	-0.029	0.7	0.417
84	1	b1	799.727	604.508	1	0.04	581.897	516.095	2	0.08	4.783	4.7	0.083	0.25	0.467
84	1	b2	936.61	718.801	0	0.0	704.241	701.024	0	0.0	3.08	3.02	0.06	0.538	0.583
84	1	b3	803.011	629.43	1	0.04	811.656	677.569	1	0.04	3.875	3.78	0.095	0.545	0.462
84	1	b4	788.242	803.464	1	0.04	794.835	659.799	1	0.04	4.875	4.72	0.155	0.25	0.5
89	1	b1	685.672	547.065	0	0.0	735.664	673.345	0	0.0	4.48	4.52	-0.04	0.6	0.333
89	1	b2	750.362	580.106	0	0.0	772.491	747.843	0	0.0	5.16	4.72	0.44	0.273	0.643
89	1	b3	729.617	583.702	2	0.08	617.219	572.837	2	0.08	4.043	3.74	0.303	0.429	0.5
89	1	b4	653.081	587.796	0	0.0	690.158	547.718	0	0.0	3.72	3.46	0.26	0.462	0.5
90	1	b1	1247.626	1235.897	0	0.0	820.797	819.876	1	0.04	4.625	4.96	-0.335	0.545	0.615
90	1	b2	1062.75	1096.289	0	0.0	710.109	651.059	0	0.0	4.96	4.38	0.58	0.462	0.5
90	1	b3	1138.707	1124.369	0	0.0	756.692	695.807	1	0.04	5.125	4.52	0.605	0.714	0.529
90	1	b4	999.827	955.501	1	0.04	794.401	793.552	1	0.04	5.0	4.98	0.02	0.4	0.5
93	1	b1	1051.188	1051.494	1	0.04	953.873	965.509	2	0.08	4.261	4.5	-0.239	0.692	0.1
93	1	b2	974.334	974.052	0	0.0	798.705	724.733	0	0.0	4.32	4.36	-0.04	0.308	0.5
93	1	b3	892.379	793.699	0	0.0	803.096	774.727	1	0.04	5.833	5.88	-0.047	0.5	0.4
93	1	b4	849.569	876.708	0	0.0	802.288	767.304	1	0.04	4.917	4.72	0.197	0.4	0.143
95	1	b1	678.436	531.997	1	0.04	483.912	453.021	1	0.04	4.667	4.3	0.367	0.538	0.273
95	1	b2	796.889	530.633	0	0.0	503.269	499.238	0	0.0	5.44	5.44	0.0	0.417	0.308
95	1	b3	648.444	539.389	1	0.04	499.412	462.537	1	0.04	3.5	3.48	0.02	0.429	0.3
95	1	b4	805.791	672.721	1	0.04	550.485	446.474	1	0.04	3.875	3.62	0.255	0.364	0.538
96	1	b1	1108.939	1162.956	2	0.08	574.103	551.286	2	0.08	3.478	3.58	-0.102	0.636	0.333
96	1	b2	1147.027	1192.552	1	0.04	625.137	552.359	1	0.04	3.292	3.24	0.052	0.333	0.444
96	1	b3	851.114	854.046	2	0.08	646.842	664.764	3	0.12	3.955	3.34	0.615	0.2	0.235
96	1	b4	964.579	1006.436	2	0.08	669.325	629.773	2	0.08	4.391	5.0	-0.609	0.364	0.667
98	1	b1	885.142	765.865	2	0.08	516.754	480.254	2	0.08	5.826	5.46	0.366	0.286	0.312
98	1	b2	752.15	739.268	0	0.0	686.318	556.354	1	0.04	4.917	5.08	-0.163	0.0	0.333
98	1	b3	928.979	859.35	3	0.12	745.874	639.43	3	0.12	2.318	2.34	-0.022	0.556	0.385
98	1	b4	820.674	772.994	0	0.0	771.011	703.928	0	0.0	5.12	5.1	0.02	0.286	0.545
101	1	b1	830.494	761.312	0	0.0	606.805	531.151	0	0.0	5.12	4.86	0.26	0.214	0.455
101	1	b2	891.858	744.671	1	0.04	570.5	502.918	2	0.08	5.087	5.18	-0.093	0.333	0.364
101	1	b3	939.069	1041.194	0	0.0	614.635	521.681	0	0.0	4.36	3.82	0.54	0.562	0.556
101	1	b4	1241.245	1252.875	0	0.0	692.087	537.653	0	0.0	5.88	5.3	0.58	0.571	0.545
103	1	b1	965.778	953.327	3	0.12	765.316	770.696	3	0.12	6.409	6.16	0.249	0.8	0.583
103	1	b2	983.401	941.444	0	0.0	628.414	524.084	0	0.0	4.08	3.76	0.32	0.5	0.471
103	1	b3	1137.303	1140.914	2	0.08	686.042	598.605	3	0.12	5.318	5.22	0.098	0.167	0.3
103	1	b4	1067.369	928.128	2	0.08	597.073	473.936	2	0.08	5.217	4.98	0.237	0.455	0.333
104	1	b1	1094.129	1074.673	5	0.2	971.478	871.932	7	0.28	4.111	4.78	-0.669	0.0	0.429
104	1	b2	1075.047	1039.276	1	0.04	928.824	730.827	2	0.08	5.435	5.9	-0.465	0.308	0.3
104	1	b3	952.21	960.135	0	0.0	795.927	546.017	2	0.08	5.043	5.42	-0.377	0.636	0.417
104	1	b4	763.212	699.126	0	0.0	548.112	545.485	2	0.08	3.0	3.28	-0.28	0.556	0.357
105	1	b1	417.372	390.444	1	0.04	474.208	412.834	2	0.08	3.304	3.52	-0.216	0.25	0.364
105	1	b2	674.168	490.811	2	0.08	638.936	640.118	2	0.08	3.652	3.44	0.212	0.615	0.3
105	1	b3	454.43	429.583	1	0.04	716.676	623.105	3	0.12	3.591	3.36	0.231	0.462	0.222
105	1	b4	580.865	377.498	0	0.0	591.744	467.564	0	0.0	4.64	4.64	0.0	0.5	0.6
106	1	b1	1377.68	1375.779	3	0.12	889.502	953.159	6	0.24	4.737	5.2	-0.463	0.667	0.7
106	1	b2	1286.953	1322.487	3	0.12	933.42	787.555	4	0.16	5.857	5.36	0.497	0.5	0.667
106	1	b3	1081.606	1095.309	4	0.16	906.73	791.931	4	0.16	4.762	4.98	-0.218	0.5	0.571
106	1	b4	1047.554	928.933	3	0.12	785.997	706.136	4	0.16	4.762	4.0	0.762	0.375	0.538
107	1	b1	1094.484	1012.387	2	0.08	665.915	612.053	5	0.2	4.35	4.62	-0.27	0.286	0.308
107	1	b2	1070.187	966.863	0	0.0	814.894	752.294	1	0.04	3.0	3.04	-0.04	0.455	0.462
107	1	b3	1073.737	883.167	0	0.0	1022.419	893.309	0	0.0	5.36	5.0	0.36	0.643	0.455
107	1	b4	1129.837	1099.492	0	0.0	783.917	724.414	2	0.08	2.739	2.4	0.339	0.545	0.583
111	1	b1	1025.234	930.789	4	0.16	768.426	745.723	6	0.24	6.421	6.2	0.221	0.333	0.3
111	1	b2	946.065	882.246	2	0.08	632.422	524.888	3	0.12	5.227	4.98	0.247	0.4	0.417
111	1	b3	1082.415	796.541	4	0.16	812.914	632.803	5	0.2	4.0	4.32	-0.32	0.556	0.364
111	1	b4	856.011	687.784	4	0.16	690.916	516.692	5	0.2	3.25	3.64	-0.39	0.0	0.538
112	1	b1	942.422	874.755	1	0.04	728.76	688.542	1	0.04	5.5	4.92	0.58	0.667	0.417
112	1	b2	922.562	970.784	0	0.0	699.191	666.414	1	0.04	5.0	4.48	0.52	0.583	0.417
112	1	b3	858.513	876.776	1	0.04	645.232	654.332	2	0.08	5.826	5.08	0.746	0.6	0.462
112	1	b4	900.771	877.525	1	0.04	596.13	623.129	1	0.04	5.958	5.12	0.838	0.643	0.5
113	1	b1	934.393	907.989	2	0.08	526.887	607.786	2	0.08	6.609	6.44	0.169	0.667	0.643
113	1	b2	1003.869	1031.903	0	0.0	419.319	429.135	0	0.0	4.8	4.04	0.76	0.7	0.533
113	1	b3	1044.59	1003.353	0	0.0	466.373	550.489	0	0.0	6.08	5.2	0.88	0.6	0.8
113	1	b4	1005.272	1000.155	0	0.0	256.835	163.596	1	0.04	5.458	4.1	1.358	0.727	0.846
116	1	b1	687.003	714.353	0	0.0	944.245	946.865	0	0.0	3.84	4.6	-0.76	0.533	0.7
116	1	b2	704.892	723.291	2	0.08	707.556	672.74	4	0.16	4.429	4.94	-0.511	0.333	0.417
116	1	b3	810.152	772.204	1	0.04	786.97	672.621	2	0.08	5.217	5.18	0.037	0.417	0.455
116	1	b4	823.972	739.936	0	0.0	703.696	661.192	0	0.0	3.44	3.42	0.02	0.417	0.154
117	1	b1	812.723	767.574	0	0.0	771.357	758.149	0	0.0	3.52	3.18	0.34	0.364	0.643
117	1	b2	970.028	900.984	0	0.0	783.475	736.913	0	0.0	4.72	4.06	0.66	0.667	0.474
117	1	b3	916.031	993.985	1	0.04	847.832	768.087	1	0.04	4.583	4.34	0.243	0.462	0.455
117	1	b4	897.558	808.255	1	0.04	795.382	793.138	2	0.08	3.739	4.16	-0.421	0.455	0.25
118	1	b1	1052.756	1063.093	1	0.04	662.156	560.85	2	0.08	3.087	3.28	-0.193	0.538	0.6
118	1	b2	1029.894	1018.759	2	0.08	652.443	562.426	2	0.08	3.087	3.88	-0.793	0.5	0.6
118	1	b3	876.144	829.056	3	0.12	767.85	739.31	4	0.16	3.905	3.58	0.325	0.625	0.385
118	1	b4	922.166	797.302	0	0.0	706.127	636.14	0	0.0	4.08	4.7	-0.62	0.615	0.667
119	1	b1	1223.895	1426.572	4	0.16	656.876	593.535	4	0.16	5.619	5.02	0.599	0.6	0.455
119	1	b2	1278.762	1369.991	1	0.04	506.04	479.409	2	0.08	7.261	5.4	1.861	0.786	0.556
119	1	b3	1233.248	1400.404	1	0.04	631.904	589.505	1	0.04	4.458	4.32	0.138	0.8	0.714
119	1	b4	960.841	844.603	2	0.08	563.128	444.536	3	0.12	4.955	4.66	0.295	0.625	0.643
120	1	b1	987.702	921.091	1	0.04	741.632	731.777	1	0.04	4.333	4.44	-0.107	0.5	0.2
120	1	b2	1167.983	1219.719	5	0.2	774.042	755.662	6	0.24	4.421	4.36	0.061	0.5	0.091
120	1	b3	856.873	842.165	2	0.08	612.028	522.146	3	0.12	4.5	5.1	-0.6	0.6	0.5
120	1	b4	1013.142	946.967	4	0.16	739.097	689.66	4	0.16	5.429	4.36	1.069	0.5	0.222
121	1	b1	1186.645	1155.215	3	0.12	761.898	677.179	4	0.16	4.381	3.84	0.541	0.6	0.455
121	1	b2	1215.178	1151.957	4	0.16	836.453	659.383	6	0.24	4.421	4.7	-0.279	0.6	0.333
121	1	b3	1184.045	1282.259	5	0.2	733.877	699.736	5	0.2	5.0	4.74	0.26	0.6	0.7
121	1	b4	1300.855	1254.865	1	0.04	714.461	646.253	2	0.08	4.304	4.62	-0.316	0.538	0.7
1	2	b1	776.977	697.989	0	0.0	513.407	472.781	0	0.0	5.8	4.96	0.84	0.375	0.412
1	2	b2	575.253	452.962	3	0.12	362.673	386.03	4	0.16	5.19	4.54	0.65	0.357	0.571
1	2	b3	883.113	737.02	0	0.0	397.533	339.693	2	0.08	4.87	4.92	-0.05	0.583	0.455
1	2	b4	596.628	549.447	0	0.0	521.699	445.428	0	0.0	5.04	5.02	0.02	0.417	0.462
2	2	b1	990.408	1002.499	1	0.04	497.433	521.683	2	0.08	3.87	3.88	-0.01	0.462	0.3
2	2	b2	1072.338	1076.377	1	0.04	648.117	597.353	1	0.04	3.625	3.02	0.605	0.333	0.533
2	2	b3	771.505	675.098	0	0.0	639.78	528.452	1	0.04	6.75	6.8	-0.05	0.364	0.538
2	2	b4	801.469	808.238	1	0.04	678.538	654.271	1	0.04	5.083	5.06	0.023	0.154	0.364
3	2	b1	954.259	886.55	0	0.0	632.806	628.468	0	0.0	4.28	4.68	-0.4	0.75	0.588
3	2	b2	915.481	922.216	0	0.0	599.923	612.836	0	0.0	4.04	4.02	0.02	0.8	0.7
3	2	b3	929.947	889.094	0	0.0	672.882	615.743	0	0.0	6.76	5.98	0.78	0.846	0.833
3	2	b4	961.967	878.089	0	0.0	605.342	544.62	0	0.0	5.76	4.88	0.88	0.667	0.615
5	2	b1	878.719	909.917	1	0.04	888.246	744.877	2	0.08	3.87	3.74	0.13	0.222	0.357
5	2	b2	1037.477	1028.217	0	0.0	775.267	720.411	0	0.0	4.88	4.98	-0.1	0.4	0.533
5	2	b3	992.58	1027.71	1	0.04	732.455	617.476	1	0.04	3.208	3.4	-0.192	0.5	0.75
5	2	b4	894.024	922.578	0	0.0	862.075	780.694	0	0.0	4.44	4.28	0.16	0.429	0.273
6	2	b1	798.002	767.914	2	0.08	709.811	700.636	2	0.08	6.13	5.96	0.17	0.846	0.6
6	2	b2	889.876	790.504	1	0.04	695.308	615.53	2	0.08	5.652	3.68	1.972	0.75	0.8
6	2	b3	775.263	794.857	0	0.0	651.206	592.645	0	0.0	4.68	4.48	0.2	0.8	0.533
6	2	b4	793.095	788.861	0	0.0	627.263	595.056	1	0.04	5.875	5.76	0.115	1.0	0.692
7	2	b1	1191.548	1223.011	1	0.04	577.115	526.13	1	0.04	4.292	3.48	0.812	0.533	0.333
7	2	b2	1314.402	1290.386	1	0.04	685.33	712.089	1	0.04	6.5	5.62	0.88	0.7	0.571
7	2	b3	1033.113	1059.999	2	0.08	630.289	622.888	2	0.08	4.739	4.66	0.079	0.667	0.286
7	2	b4	886.96	984.144	2	0.08	726.472	787.142	2	0.08	5.652	5.34	0.312	0.556	0.357
9	2	b1	941.731	873.112	0	0.0	575.768	521.403	1	0.04	3.25	3.54	-0.29	0.636	0.538
9	2	b2	772.646	645.476	0	0.0	440.687	390.651	0	0.0	3.4	3.46	-0.06	0.364	0.357
9	2	b3	684.801	575.061	1	0.04	441.878	355.502	1	0.04	5.958	5.4	0.558	0.4	0.5
9	2	b4	713.078	652.599	0	0.0	306.506	324.38	0	0.0	6.08	6.28	-0.2	0.462	0.5
11	2	b1	804.248	778.42	0	0.0	471.298	458.714	0	0.0	6.16	4.78	1.38	0.875	0.778
11	2	b2	820.833	836.944	0	0.0	520.994	525.745	0	0.0	6.56	5.84	0.72	0.769	0.917
11	2	b3	968.564	959.333	0	0.0	482.692	434.712	0	0.0	3.92	3.58	0.34	0.889	0.438
11	2	b4	798.935	760.462	0	0.0	408.933	403.932	0	0.0	4.8	3.74	1.06	0.8	0.667
17	2	b1	620.302	539.124	0	0.0	597.292	610.726	0	0.0	5.4	5.18	0.22	0.538	0.583
17	2	b2	1025.045	957.579	0	0.0	819.397	705.34	0	0.0	4.04	4.32	-0.28	0.462	0.5
17	2	b3	851.817	805.746	0	0.0	568.859	552.361	0	0.0	6.8	6.3	0.5	0.615	0.333
17	2	b4	727.298	793.73	1	0.04	673.64	598.621	2	0.08	4.565	4.1	0.465	0.5	0.385
18	2	b1	931.599	850.969	0	0.0	744.439	662.078	0	0.0	5.8	5.52	0.28	0.462	0.75
18	2	b2	982.909	859.116	0	0.0	747.88	782.022	0	0.0	5.92	5.66	0.26	0.5	0.385
18	2	b3	932.296	933.702	1	0.04	730.456	666.102	1	0.04	6.0	5.62	0.38	0.455	0.385
18	2	b4	778.767	742.734	0	0.0	639.99	561.982	1	0.04	6.042	4.22	1.822	0.571	0.6
19	2	b1	892.818	830.709	1	0.04	539.016	547.908	1	0.04	4.125	3.92	0.205	0.545	0.308
19	2	b2	846.228	785.605	0	0.0	582.764	526.253	0	0.0	4.24	4.26	-0.02	0.375	0.412
19	2	b3	693.312	669.727	0	0.0	551.933	445.83	1	0.04	5.125	5.32	-0.195	0.583	0.167
19	2	b4	568.293	490.833	0	0.0	505.835	501.0	1	0.04	3.417	3.16	0.257	0.444	0.267
20	2	b1	1035.917	1045.351	2	0.08	543.092	553.646	2	0.08	3.391	3.84	-0.449	0.5	0.308
20	2	b2	1164.267	1196.895	3	0.12	893.308	764.979	4	0.16	5.714	5.66	0.054	0.667	0.778
20	2	b3	1063.787	977.702	1	0.04	723.711	735.184	1	0.04	3.125	3.06	0.065	0.417	0.0
20	2	b4	929.302	965.078	2	0.08	669.299	609.694	3	0.12	2.909	3.16	-0.251	0.333	0.385
21	2	b1	942.244	888.902	1	0.04	750.377	753.189	1	0.04	5.083	3.72	1.363	0.625	0.375
21	2	b2	1028.071	1025.973	0	0.0	838.191	833.389	0	0.0	5.64	4.48	1.16	0.688	0.556
21	2	b3	890.384	885.461	0	0.0	785.01	766.629	0	0.0	2.84	2.62	0.22	0.273	0.5
21	2	b4	860.357	828.424	0	0.0	837.15	826.836	0	0.0	5.76	5.0	0.76	0.538	0.417
23	2	b1	1046.688	1069.541	4	0.16	657.488	616.03	4	0.16	4.524	4.58	-0.056	0.3	0.273
23	2	b2	1064.792	1086.313	0	0.0	679.461	607.22	0	0.0	2.88	2.98	-0.1	0.556	0.429
23	2	b3	1122.993	1149.643	2	0.08	716.261	617.898	2	0.08	6.304	6.02	0.284	0.333	0.529
23	2	b4	1138.482	1051.931	0	0.0	880.698	881.755	1	0.04	5.792	5.54	0.252	0.75	0.5
26	2	b1	1049.199	1001.499	0	0.0	565.061	590.673	0	0.0	3.64	3.84	-0.2	0.5	0.385
26	2	b2	1078.294	1132.534	1	0.04	460.118	481.725	2	0.08	6.043	5.46	0.583	0.429	0.444
26	2	b3	951.69	918.733	0	0.0	533.781	556.04	1	0.04	7.042	6.58	0.462	0.462	0.545
26	2	b4	1036.734	918.362	0	0.0	589.354	591.826	0	0.0	5.16	4.56	0.6	0.6	0.467
28	2	b1	937.945	727.551	0	0.0	633.613	521.13	1	0.04	5.708	4.6	1.108	0.692	0.545
28	2	b2	953.253	914.239	1	0.04	669.941	548.615	2	0.08	5.391	4.62	0.771	0.6	0.625
28	2	b3	959.812	959.053	1	0.04	593.653	532.043	1	0.04	6.458	5.76	0.698	0.222	0.467
28	2	b4	843.283	856.63	0	0.0	649.936	711.065	0	0.0	6.76	4.82	1.94	0.778	0.75
33	2	b1	1033.119	963.773	2	0.08	590.567	553.747	2	0.08	2.826	3.26	-0.434	0.3	0.385
33	2	b2	853.724	826.751	3	0.12	530.062	497.576	4	0.16	3.667	3.7	-0.033	0.4	0.182
33	2	b3	1000.084	959.429	0	0.0	524.853	461.066	0	0.0	4.2	3.96	0.24	0.417	0.231
33	2	b4	915.389	881.918	1	0.04	649.924	466.424	1	0.04	5.042	5.06	-0.018	0.5	0.3
35	2	b1	834.053	851.837	1	0.04	970.29	930.776	3	0.12	4.773	4.44	0.333	0.143	0.133
35	2	b2	1006.535	898.025	0	0.0	765.249	740.386	2	0.08	3.304	3.12	0.184	0.667	0.5
35	2	b3	837.055	816.717	1	0.04	908.968	876.759	1	0.04	3.542	3.16	0.382	0.533	0.222
35	2	b4	834.397	766.604	0	0.0	778.726	786.881	1	0.04	5.042	4.94	0.102	0.273	0.462
37	2	b1	1227.811	1282.322	6	0.24	658.745	631.583	6	0.24	5.895	5.16	0.735	0.7	0.222
37	2	b2	1265.95	1248.086	4	0.16	643.573	621.1	4	0.16	2.571	2.66	-0.089	0.364	0.2
37	2	b3	1242.667	1268.032	1	0.04	675.042	639.079	1	0.04	5.125	4.14	0.985	0.571	0.3
37	2	b4	1269.874	1146.528	1	0.04	697.98	629.823	1	0.04	3.417	3.24	0.177	0.6	0.444
38	2	b1	657.428	627.429	0	0.0	441.904	400.5	0	0.0	6.96	5.46	1.5	0.867	0.7
38	2	b2	762.977	726.03	0	0.0	444.855	458.025	0	0.0	6.48	5.22	1.26	0.833	0.692
38	2	b3	675.461	639.233	0	0.0	412.544	359.725	0	0.0	6.44	4.68	1.76	0.9	0.733
38	2	b4	599.471	531.189	0	0.0	371.715	333.486	0	0.0	5.56	4.22	1.34	0.923	0.75
39	2	b1	984.843	928.133	3	0.12	629.888	587.129	3	0.12	3.773	3.94	-0.167	0.273	0.455
39	2	b2	897.28	780.974	0	0.0	603.64	512.887	0	0.0	3.52	3.98	-0.46	0.364	0.571
39	2	b3	938.378	949.607	1	0.04	666.104	547.572	1	0.04	4.333	4.12	0.213	0.3	0.286
39	2	b4	1071.682	948.942	1	0.04	532.311	443.407	1	0.04	5.167	5.4	-0.233	0.167	0.583
40	2	b1	708.64	694.464	1	0.04	675.547	608.744	1	0.04	3.292	3.12	0.172	0.2	0.571
40	2	b2	628.131	568.908	0	0.0	498.438	372.269	0	0.0	4.76	5.16	-0.4	0.438	0.667
40	2	b3	772.757	689.649	0	0.0	537.971	436.956	0	0.0	5.0	4.2	0.8	0.6	0.667
40	2	b4	639.608	593.104	0	0.0	522.419	413.697	1	0.04	6.25	6.2	0.05	0.462	0.455
41	2	b1	708.233	652.852	0	0.0	582.037	503.566	0	0.0	4.28	3.68	0.6	0.5	0.231
41	2	b2	811.003	751.413	0	0.0	428.798	395.001	0	0.0	5.32	4.36	0.96	0.615	0.417
41	2	b3	742.052	735.877	0	0.0	393.362	387.443	0	0.0	3.76	3.36	0.4	0.643	0.364
41	2	b4	782.734	765.476	1	0.04	385.238	356.071	1	0.04	4.917	4.64	0.277	0.643	0.5
43	2	b1	946.789	973.304	1	0.04	505.738	505.166	1	0.04	5.083	4.32	0.763	0.333	0.583
43	2	b2	898.681	867.275	0	0.0	482.743	468.73	0	0.0	3.52	3.22	0.3	0.462	0.583
43	2	b3	884.604	833.941	0	0.0	445.725	449.879	0	0.0	5.48	4.88	0.6	0.8	0.6
43	2	b4	968.915	888.579	0	0.0	410.026	386.356	0	0.0	6.08	4.76	1.32	0.786	0.636
45	2	b1	911.352	879.045	1	0.04	391.752	344.902	1	0.04	4.625	4.08	0.545	0.571	0.4
45	2	b2	888.931	859.219	0	0.0	393.482	369.606	0	0.0	4.4	4.14	0.26	0.364	0.643
45	2	b3	799.468	730.156	0	0.0	431.886	342.432	0	0.0	4.36	3.68	0.68	0.4	0.333
45	2	b4	827.406	822.457	0	0.0	378.74	369.047	0	0.0	4.84	4.74	0.1	0.6	0.267
49	2	b1	654.051	548.168	0	0.0	480.733	424.797	1	0.04	5.125	4.9	0.225	0.455	0.231
49	2	b2	631.422	602.699	2	0.08	355.695	356.671	3	0.12	5.727	6.26	-0.533	0.615	0.556
49	2	b3	804.648	892.942	0	0.0	498.896	397.392	0	0.0	3.28	3.2	0.08	0.529	0.625
49	2	b4	590.085	516.505	1	0.04	429.191	366.06	1	0.04	3.042	3.0	0.042	0.667	0.333
51	2	b1	617.1	436.678	0	0.0	518.569	518.292	1	0.04	3.083	2.48	0.603	0.25	0.688
51	2	b2	752.864	706.977	1	0.04	635.069	497.179	2	0.08	5.609	5.26	0.349	0.636	0.5
51	2	b3	723.247	568.358	0	0.0	502.191	478.796	1	0.04	4.0	4.38	-0.38	0.615	0.545
51	2	b4	605.118	411.532	0	0.0	507.743	446.379	1	0.04	4.167	4.18	-0.013	0.364	0.462
52	2	b1	1284.838	1407.156	2	0.08	555.583	464.404	2	0.08	2.739	3.24	-0.501	0.571	0.333
52	2	b2	1377.493	1427.715	1	0.04	492.034	381.85	1	0.04	4.625	4.86	-0.235	0.462	0.636
52	2	b3	1405.204	1406.118	2	0.08	455.615	341.662	3	0.12	4.545	4.24	0.305	0.8	0.294
52	2	b4	1344.158	1348.631	4	0.16	361.581	329.93	4	0.16	5.0	5.5	-0.5	0.556	0.333
54	2	b1	1257.258	1174.91	2	0.08	591.403	515.724	2	0.08	4.87	4.38	0.49	0.6	0.385
54	2	b2	1333.708	1304.014	0	0.0	476.909	423.335	0	0.0	4.2	3.84	0.36	0.357	0.636
54	2	b3	1334.959	1418.721	2	0.08	449.936	380.812	3	0.12	5.909	5.4	0.509	0.714	0.467
54	2	b4	1053.333	1036.313	2	0.08	448.625	413.279	2	0.08	6.739	6.28	0.459	0.8	0.462
55	2	b1	887.652	816.118	0	0.0	646.394	627.879	0	0.0	2.96	2.7	0.26	0.5	0.533
55	2	b2	770.565	716.245	0	0.0	734.492	667.449	0	0.0	6.52	4.9	1.62	1.0	0.765
55	2	b3	904.535	855.782	0	0.0	772.601	717.469	0	0.0	5.36	4.86	0.5	0.9	0.733
55	2	b4	928.515	861.797	0	0.0	641.776	621.063	0	0.0	5.28	4.72	0.56	0.8	0.8
68	2	b1	1131.933	1049.068	1	0.04	869.201	843.026	1	0.04	6.375	4.8	1.575	0.625	0.562
68	2	b2	1167.175	1117.044	4	0.16	802.524	669.9	4	0.16	5.333	4.66	0.673	0.333	0.167
68	2	b3	1257.369	1325.733	2	0.08	957.338	955.816	5	0.2	4.05	4.58	-0.53	0.455	0.222
68	2	b4	1317.81	1311.455	2	0.08	801.965	750.267	3	0.12	5.909	5.38	0.529	1.0	0.417
71	2	b1	826.241	761.177	0	0.0	415.046	157.942	0	0.0	4.24	4.02	0.22	0.846	0.5
71	2	b2	925.885	919.738	0	0.0	143.665	23.841	1	0.04	3.375	2.62	0.755	0.615	0.273
71	2	b3	781.922	825.464	0	0.0	125.508	1.401	1	0.04	4.833	4.7	0.133	0.545	0.385
71	2	b4	677.355	671.185	0	0.0	1.074	1.055	0	0.0	4.32	3.68	0.64	0.727	0.643
73	2	b1	616.114	560.533	0	0.0	727.187	726.935	2	0.08	4.435	3.96	0.475	0.471	0.167
73	2	b2	781.87	705.856	1	0.04	1003.949	920.736	4	0.16	5.571	5.4	0.171	0.583	0.111
73	2	b3	726.789	697.236	0	0.0	766.827	762.725	1	0.04	6.25	5.96	0.29	0.5	0.188
73	2	b4	759.088	709.987	1	0.04	858.08	750.094	1	0.04	3.958	3.8	0.158	0.333	0.556
74	2	b1	683.298	567.535	0	0.0	533.478	504.81	0	0.0	5.52	5.82	-0.3	0.444	0.5
74	2	b2	821.281	742.761	1	0.04	567.788	528.683	1	0.04	4.708	4.64	0.068	0.375	0.375
74	2	b3	894.185	875.289	0	0.0	536.618	472.953	0	0.0	4.52	4.6	-0.08	0.625	0.471
74	2	b4	707.561	663.967	0	0.0	583.714	473.752	0	0.0	5.04	4.82	0.22	0.667	0.3
78	2	b1	923.104	770.616	0	0.0	628.849	585.957	0	0.0	4.36	4.06	0.3	0.556	0.5
78	2	b2	736.178	705.392	0	0.0	546.788	483.09	0	0.0	7.2	6.92	0.28	0.733	0.6
78	2	b3	586.85	557.532	0	0.0	474.78	407.441	0	0.0	6.64	5.34	1.3	0.462	0.5
78	2	b4	599.294	605.207	0	0.0	449.857	370.812	0	0.0	4.56	3.92	0.64	0.545	0.429
80	2	b1	804.613	814.859	0	0.0	456.365	461.298	0	0.0	4.68	3.4	1.28	0.583	0.769
80	2	b2	1074.219	1083.245	0	0.0	586.043	539.323	0	0.0	6.08	5.64	0.44	0.9	0.533
80	2	b3	972.209	844.771	2	0.08	452.725	454.719	2	0.08	4.435	3.46	0.975	0.75	0.4
80	2	b4	986.781	894.546	0	0.0	519.593	474.198	0	0.0	4.52	3.96	0.56	0.571	0.556
83	2	b1	954.995	887.557	1	0.04	573.444	508.297	1	0.04	3.292	3.12	0.172	0.353	0.571
83	2	b2	784.189	697.031	0	0.0	636.322	541.087	0	0.0	4.56	4.24	0.32	0.615	0.5
83	2	b3	881.034	735.732	0	0.0	574.849	494.525	0	0.0	3.96	3.76	0.2	0.545	0.429
83	2	b4	793.371	738.084	1	0.04	634.838	497.67	1	0.04	5.167	5.36	-0.193	0.2	0.571
84	2	b1	702.564	658.564	0	0.0	480.764	454.924	0	0.0	3.48	3.96	-0.48	0.385	0.583
84	2	b2	661.039	617.567	1	0.04	506.352	474.096	1	0.04	4.417	4.56	-0.143	0.538	0.455
84	2	b3	655.821	576.606	0	0.0	602.538	552.477	0	0.0	3.64	4.14	-0.5	0.231	0.417
84	2	b4	589.177	579.901	0	0.0	631.48	590.4	0	0.0	3.72	3.18	0.54	0.636	0.357
89	2	b1	789.13	679.654	0	0.0	591.7	542.006	1	0.04	5.667	5.3	0.367	0.5	0.5
89	2	b2	634.181	548.328	0	0.0	663.802	601.946	0	0.0	4.68	4.74	-0.06	0.429	0.545
89	2	b3	714.342	655.872	0	0.0	512.256	404.179	0	0.0	1.96	2.0	-0.04	0.556	0.312
89	2	b4	608.022	494.359	0	0.0	542.131	427.65	1	0.04	5.208	4.98	0.228	0.375	0.188
93	2	b1	1044.261	1038.168	0	0.0	563.107	563.839	0	0.0	4.64	4.2	0.44	0.545	0.357
93	2	b2	754.733	728.24	4	0.16	668.309	621.096	5	0.2	5.85	4.96	0.89	0.375	0.333
93	2	b3	788.166	719.972	2	0.08	676.171	643.051	3	0.12	4.364	4.44	-0.076	0.364	0.545
93	2	b4	1152.224	1012.471	5	0.2	686.644	557.832	5	0.2	3.95	3.58	0.37	0.4	0.4
94	2	b1	608.156	523.003	2	0.08	220.504	50.42	2	0.08	3.609	4.14	-0.531	0.545	0.417
94	2	b2	825.206	962.854	1	0.04	378.61	361.092	1	0.04	3.125	2.26	0.865	0.636	0.538
94	2	b3	946.443	896.764	1	0.04	264.529	267.999	1	0.04	3.25	3.02	0.23	0.444	0.4
94	2	b4	1023.186	910.57	0	0.0	366.534	301.238	0	0.0	5.12	4.62	0.5	0.538	0.417
95	2	b1	1010.419	968.317	0	0.0	537.766	459.562	0	0.0	4.32	4.4	-0.08	0.143	0.389
95	2	b2	1160.196	1084.324	0	0.0	590.283	515.475	0	0.0	4.96	4.84	0.12	0.154	0.25
95	2	b3	1004.135	850.1	3	0.12	527.129	477.181	3	0.12	4.955	4.7	0.255	0.167	0.438
95	2	b4	1025.495	993.515	2	0.08	509.242	483.674	2	0.08	5.478	4.72	0.758	0.125	0.467
96	2	b1	722.943	662.219	0	0.0	404.691	320.88	0	0.0	3.88	3.36	0.52	0.467	0.5
96	2	b2	585.907	484.173	1	0.04	450.171	363.06	2	0.08	5.565	5.72	-0.155	0.6	0.538
96	2	b3	859.815	862.312	2	0.08	574.002	630.528	2	0.08	3.217	3.48	-0.263	0.3	0.538
96	2	b4	639.049	497.315	0	0.0	564.123	497.447	0	0.0	5.04	4.82	0.22	0.571	0.545
