0.00706367	-0.0366019	0.0117255	-0.00105389	0.0	0.0	1143.814147	941.2019579	974.605612	0.0	0.0	0.0	0.0	0.0	0.0
1.4e-05	-0.00222083	0.0401557	-0.00102181	-1.1200000000000001e-22	0.000518468	1139.02313	937.6374404	972.4959811	-0.007049664	0.03438107	0.0284302	3.21e-05	-1.1200000000000001e-22	0.000518468
-0.00685712	-0.0197092	0.0209217	-0.000523809	-0.000492635	0.000298452	1127.920294	938.7262269	971.8022931	-0.006871126	-0.01748837	-0.019234	0.000498001	-0.000492635	-0.000220016
0.0100532	0.0058203	0.0418917	-0.000808561	-0.000188262	0.0	1127.459991	938.584434	970.7831046	0.01691032	0.0255295	0.02097	-0.000284752	0.000304373	-0.000298452
1.23e-05	0.0268752	0.0418912	-0.000808561	-0.00017231	0.0	1119.334986	937.7928357	970.2748436	-0.010040871	0.0210549	-5e-07	0.0	1.6e-05	0.0
1.48e-05	-0.0125379	0.00648473	-0.00106571	-0.000397533	0.000152785	1125.457798	937.9326143	970.1018167	2.51e-06	-0.0394131	-0.03540647	-0.000257149	-0.000225223	0.000152785
-0.00969407	0.00218298	0.0065051	-0.000110051	-0.000544622	0.0	1130.473823	940.6355571	970.5562832	-0.009708907	0.01472088	2.04e-05	0.000955659	-0.000147089	-0.000152785
-0.00915397	0.0230054	-0.0183054	3.02e-05	-0.00102595	0.0	1122.941813	940.9784015	970.3063136	0.0005401	0.02082242	-0.0248105	0.000140234	-0.000481328	0.0
-1.36e-05	0.0601882	0.0322771	-0.000771788	-0.000426213	0.0	1122.460937	939.051142	969.8497712	0.009140324	0.0371828	0.0505825	-0.000801971	0.000599737	0.0
-4.54e-05	-0.00131517	0.0323074	-0.000710451	0.000254306	0.0	1124.365926	939.5010647	969.7326094	-3.18e-05	-0.06150337	3.03e-05	6.13e-05	0.000680519	0.0
-3.37e-05	0.0509738	0.00113564	-0.00113899	-2.43e-05	0.0	1124.504532	938.5573785	968.8164651	1.17e-05	0.05228897	-0.03117176	-0.000428539	-0.00027864	0.0
-3.37e-05	0.0192236	0.0323225	-0.00072896	-2.43e-05	3.31e-24	1117.794125	937.9134169	970.7941317	9e-10	-0.0317502	0.03118686	0.00041003	0.0	3.31e-24
-4.21e-05	0.0170212	0.00828061	-0.000300609	-0.000429917	2.6499999999999996e-23	1119.97684	939.2921551	970.6824809	-8.35e-06	-0.0022024	-0.02404189	0.000428351	-0.000405583	2.32e-23
-0.0188371	0.144979	0.113385	-0.00188951	-0.00133836	0.000334662	1120.71384	939.8215037	972.5476358	-0.018795049	0.1279578	0.10510439	-0.001588901	-0.000908443	0.000334662
-0.0349716	-0.0766264	-0.0761248	0.00042104	-0.00148945	1.06e-22	1120.628465	938.893459	968.0963517	-0.0161345	-0.2216054	-0.1895098	0.00231055	-0.00015109	-0.000334662
-0.0236399	-0.055636	-0.0760103	0.000844355	-0.000936137	0.000503681	1132.788457	937.8516218	964.9661732	0.0113317	0.0209904	0.0001145	0.000423315	0.000553313	0.000503681
-0.0252456	0.0832141	-0.0576164	-0.000373988	-0.000936137	0.000469685	1122.846152	937.9893614	966.2748035	-0.0016057	0.1388501	0.0183939	-0.001218343	0.0	-3.4e-05
0.00258708	0.0688189	0.00161128	-0.00032314	-0.000632177	0.000117083	1134.059307	940.5490689	967.282224	0.02783268	-0.0143952	0.05922768	5.08e-05	0.00030396	-0.000352602
0.00923158	0.012015	0.044195	-0.000231326	-0.000463685	0.000206626	1134.530154	939.7198216	965.291767	0.0066445	-0.0568039	0.04258372	9.18e-05	0.000168492	8.95e-05
0.0150081	0.0120436	0.0234508	0.000364633	2.21e-05	-0.000107206	1123.87785	937.5826331	963.2322295	0.00577652	2.86e-05	-0.0207442	0.000595959	0.000485812	-0.000313832
-0.00232852	0.0120422	0.00161838	-9.83e-05	2.21e-05	3.29e-06	1106.594085	936.2136924	964.1171681	-0.01733662	-1.4e-06	-0.02183242	-0.000462956	0.0	0.000110499
-0.00368043	-0.0311092	0.0233926	-0.00102555	-3.99e-05	-0.000210903	1113.997776	936.7940686	966.1483753	-0.00135191	-0.0431514	0.02177422	-0.000927227	-6.21e-05	-0.000214196
-0.00812253	0.0523205	0.0208678	-0.000553115	2.21e-05	-0.000107206	1118.026849	939.7138286	969.415599	-0.0044421	0.0834297	-0.0025248	0.000472435	6.21e-05	0.000103697
0.00924654	0.0474222	0.0302073	-0.00115596	0.000165385	-0.000178493	1118.427236	938.6659985	969.4569916	0.01736907	-0.0048983	0.0093395	-0.000602845	0.000143258	-7.13e-05
0.00923472	0.0173443	0.0617828	-0.00131361	0.000403938	-4.7e-05	1122.434193	940.0312339	969.0217357	-1.18e-05	-0.0300779	0.0315755	-0.00015765	0.000238553	0.00013151
-0.00361169	0.0337037	-0.000284466	-0.000504242	-0.000112564	-0.000107206	1126.412349	937.6649684	968.593533	-0.01284641	0.0163594	-0.062067266	0.000809368	-0.000516502	-6.02e-05
0.00559454	0.0407539	0.0362848	-0.000719773	-0.000112564	6.99e-05	1116.030056	936.9631408	970.9024425	0.00920623	0.0070502	0.036569266	-0.000215531	0.0	0.000177148
0.0189469	0.0180893	0.0313564	-0.000205707	6.45e-05	9.87e-05	1123.871678	939.5398327	972.577921	0.01335236	-0.0226646	-0.0049284	0.000514066	0.000177085	2.88e-05
0.00921607	0.040763	-0.00559904	0.000292707	-2.09e-05	-0.000107206	1116.522504	939.8950361	969.1092409	-0.00973083	0.0226737	-0.03695544	0.000498414	-8.54e-05	-0.000205907
0.0092213	0.00725194	-0.00558097	-0.000829941	0.000300314	-0.000107206	1123.069104	940.132916	970.7817644	5.23e-06	-0.03351106	1.81e-05	-0.001122648	0.000321201	0.0
0.00922849	-0.00771572	-0.0130684	-0.000383272	0.000769288	-0.000350775	1128.765813	938.9596555	968.6879972	7.19e-06	-0.01496766	-0.00748743	0.000446669	0.000468974	-0.000243569
0.0332963	0.0307487	0.0533621	-0.000841313	0.000769288	-0.000107206	1142.872453	938.2449218	968.6721992	0.02406781	0.03846442	0.0664305	-0.000458041	0.0	0.000243569
0.0396485	0.0321069	0.0554586	-0.000206621	0.000769288	-0.000223934	1126.848995	938.2322146	968.4698568	0.0063522	0.0013582	0.0020965	0.000634692	0.0	-0.000116728
0.033314	0.122386	0.205398	-0.00253215	0.000459394	-0.000308115	1122.343161	939.2915832	971.1795852	-0.0063345	0.0902791	0.1499394	-0.002325529	-0.000309894	-8.42e-05
0.0261156	-0.0227857	-0.0751846	0.000766496	1.37e-05	9.57e-05	1134.249343	935.6462722	969.6204188	-0.0071984	-0.1451717	-0.2805826	0.003298646	-0.000445649	0.000403768
0.0192275	0.0055413	-0.0421487	0.00124618	0.00116677	-0.000107206	1117.281877	937.0798924	965.185242	-0.0068881	0.028327	0.0330359	0.000479684	0.001153025	-0.000202859
0.0174031	0.0309265	-0.0179038	0.000777413	0.000960143	-0.000107206	1118.326946	937.8861624	966.9127007	-0.0018244	0.0253852	0.0242449	-0.000468767	-0.000206627	0.0
0.0148079	0.02208	-0.0178434	-0.00092408	0.00116677	-0.000107206	1118.894226	936.5500216	966.4732481	-0.0025952	-0.0088465	6.04e-05	-0.001701493	0.000206627	0.0
0.0055418	0.0221012	-0.0633447	-0.000739272	0.00116677	-0.000107206	1125.239475	937.4832885	966.9340295	-0.0092661	2.12e-05	-0.0455013	0.000184808	0.0	0.0
0.0237928	0.0716199	0.00611184	-0.00207732	0.000846682	-0.000107206	1114.469395	937.8765636	967.820164	0.018251	0.0495187	0.06945654	-0.001338048	-0.000320088	0.0
0.00834565	-0.00912841	0.0154164	-0.0011631	0.000726984	-0.000161507	1122.74792	939.9588951	971.0130899	-0.01544715	-0.08074831	0.00930456	0.00091422	-0.000119698	-5.43e-05
0.00262776	-0.00971848	-0.0533835	-0.000629409	0.000726984	-0.000225983	1118.045621	940.4219477	971.0139932	-0.00571789	-0.00059007	-0.0687999	0.000533691	0.0	-6.45e-05
0.00925079	-0.0194483	-0.0305874	4.54e-06	0.000726984	-0.000465813	1127.171722	939.7077113	969.9592805	0.00662303	-0.00972982	0.0227961	0.000633944	0.0	-0.00023983
0.0116794	0.0216406	0.0127005	-0.000562191	0.000726984	-0.000107206	1145.079854	939.3890378	967.6124393	0.00242861	0.0410889	0.0432879	-0.000566726	0.0	0.000358607
0.0116868	0.0216542	-0.0270788	0.000189242	0.000713345	-0.000331964	1126.118166	935.9439825	963.6396613	7.4e-06	1.36e-05	-0.0397793	0.000751433	-1.36e-05	-0.000224758
0.0116982	0.0545825	0.0296507	-0.000836648	0.00113116	-0.000304368	1118.6003	935.6784752	962.7417285	1.14e-05	0.0329283	0.0567295	-0.00102589	0.000417815	2.76e-05
0.011699	0.00716968	-0.0331401	-0.000492184	0.000513462	-0.000561873	1121.496099	936.660631	964.5486418	8e-07	-0.04741282	-0.0627908	0.000344464	-0.000617698	-0.000257505
0.0276282	0.0101916	-0.0385471	0.000356591	0.00138998	-0.000561873	1116.242207	935.1364941	965.1604712	0.0159292	0.00302192	-0.005407	0.000848775	0.000876518	0.0
0.0458623	0.0480111	0.0467705	-0.000592351	0.000864741	-0.000404046	1120.100016	939.6202533	970.030764	0.0182341	0.0378195	0.0853176	-0.000948942	-0.000525239	0.000157827
0.045844	0.0383686	0.117157	-0.00134597	0.000987044	-0.000453426	1126.963428	940.0174823	969.5545378	-1.83e-05	-0.0096425	0.0703865	-0.000753619	0.000122303	-4.94e-05
0.0386767	0.0384134	0.184075	-0.00105188	0.00117862	-0.000402387	1129.668677	939.9021979	970.2399386	-0.0071673	4.48e-05	0.066918	0.00029409	0.000191576	5.1e-05
0.0368251	0.0383068	0.212833	-0.00195626	0.000553257	-0.000416893	1124.190805	938.7109336	970.188543	-0.0018516	-0.0001066	0.028758	-0.00090438	-0.000625363	-1.45e-05
0.0250814	0.00647675	0.150453	-0.00152168	0.000727399	-0.000327309	1127.377445	938.0131095	972.3385769	-0.0117437	-0.03183005	-0.06238	0.00043458	0.000174142	8.96e-05
0.038827	-0.029066	0.120479	-0.000771339	0.000727399	-0.000561873	1122.767721	939.2220544	972.9575371	0.0137456	-0.03554275	-0.029974	0.000750341	0.0	-0.000234564
0.0433054	-0.0081904	0.0854953	-0.00122725	0.00041616	-0.000260184	1129.387609	940.2861478	972.8375948	0.0044784	0.0208756	-0.0349837	-0.000455911	-0.000311239	0.000301689
0.0177539	0.0432916	0.107369	-0.000919291	0.000727399	-0.000561873	1130.310531	942.6671844	970.0176697	-0.0255515	0.051482	0.0218737	0.000307959	0.000311239	-0.000301689
-0.0392188	0.057324	-0.0713537	-0.0011709	6.64e-05	-0.000561873	1127.128263	944.7386986	970.027569	-0.0569727	0.0140324	-0.1787227	-0.000251609	-0.000661	0.0
0.000193265	0.15565	-0.12344	-0.00118892	6.64e-05	-0.00099593	1128.613579	937.0605955	965.7629037	0.039412065	0.098326	-0.0520863	-1.8e-05	0.0	-0.000434057
-0.0288007	0.129679	0.104113	-0.00211176	0.0002334	-0.000764964	1130.402592	937.0231703	969.0461205	-0.028993965	-0.025971	0.227553	-0.00092284	0.000167001	0.000230966
-0.0419159	0.144738	0.068687	-0.00222056	-0.000106425	-0.000397854	1111.562538	935.916927	967.5705269	-0.0131152	0.015059	-0.035426	-0.0001088	-0.000339825	0.00036711
-0.0408074	0.0934781	-0.0135074	-0.00236392	6.64e-05	-0.000868583	1127.321899	938.5612577	969.1912965	0.0011085	-0.0512599	-0.0821944	-0.00014336	0.000172824	-0.000470729
-0.0186584	0.0838498	0.066576	-0.00263731	-0.000127644	-0.000167973	1115.317485	936.0167938	968.6649146	0.022149	-0.0096283	0.0800834	-0.00027339	-0.000194043	0.00070061
-0.0187364	0.0838329	0.0896731	-0.00286216	0.000500071	-0.000640117	1122.585399	939.9970663	971.0803241	-7.8e-05	-1.69e-05	0.0230971	-0.00022485	0.000627715	-0.000472144
-0.0187038	0.0454889	0.089563	-0.00242612	0.000303433	7.64e-05	1118.602871	939.4870893	969.4995206	3.26e-05	-0.038344	-0.0001101	0.00043604	-0.000196638	0.000716548
-0.00674564	0.0934958	0.18164	-0.00340065	0.000201501	-0.000364385	1123.293084	939.3698404	969.8306357	0.01195816	0.0480069	0.092077	-0.00097453	-0.000101932	-0.000440816
-0.00587457	0.0713931	0.165269	-0.00391779	0.000389295	-0.000167972	1117.730351	934.9493682	967.7449363	0.00087107	-0.0221027	-0.016371	-0.00051714	0.000187794	0.000196413
-0.0126497	0.0607931	0.504312	-0.00371395	0.000389295	5.79e-05	1108.572106	935.5591125	972.7528926	-0.00677513	-0.0106	0.339043	0.00020384	0.0	0.000225919
-0.0461946	0.216961	0.722156	-0.0085185	-0.000502079	-0.000971131	1099.82402	937.609241	969.9041951	-0.0335449	0.1561679	0.217844	-0.00480455	-0.000891374	-0.001029078
-0.0515612	0.341864	0.707331	-0.0103428	0.000852439	-0.00144323	1118.355747	942.5027374	973.2323985	-0.0053666	0.124903	-0.014825	-0.0018243	0.001354518	-0.000472099
-0.0471809	0.169698	0.387365	-0.00515991	0.00083416	-0.00139373	1137.370408	943.1218318	977.1474117	0.0043803	-0.172166	-0.319966	0.00518289	-1.83e-05	4.95e-05
-0.0436472	0.100038	0.302199	-0.00298079	0.000214573	-0.00140031	1113.389352	941.2469675	971.8121346	0.0035337	-0.06966	-0.085166	0.00217912	-0.000619587	-6.58e-06
-0.0607611	0.192693	0.309061	-0.00523577	0.000192227	-0.00101447	1116.204149	937.4881625	970.8001487	-0.0171139	0.092655	0.006862	-0.00225498	-2.23e-05	0.00038584
-0.047149	0.166928	0.219688	-0.0040478	0.000510514	-0.00120057	1118.792907	937.366338	973.8957874	0.0136121	-0.025765	-0.089373	0.00118797	0.000318287	-0.0001861
-0.0637728	0.125549	0.269335	-0.00477418	0.000852095	-0.0011173	1120.129074	938.7243121	972.100288	-0.0166238	-0.041379	0.049647	-0.00072638	0.000341581	8.33e-05
-0.0298193	0.200737	0.333127	-0.00539072	0.00065279	-0.000822089	1129.578674	940.056499	974.9637646	0.0339535	0.075188	0.063792	-0.00061654	-0.000199305	0.000295211
-0.0700358	-0.0503324	-0.021996	-0.00211261	-0.000199317	-0.000591377	1130.75772	937.9529557	976.5406546	-0.0402165	-0.2510694	-0.355123	0.00327811	-0.000852107	0.000230712
-0.0441323	-0.0945828	-0.224485	0.000626282	-0.000511346	-4.6e-05	1150.010505	938.2541973	972.13601	0.0259035	-0.0442504	-0.202489	0.002738892	-0.000312029	0.000545378
-0.0512345	-0.0328953	-0.29547	-8.83e-05	-0.000573182	-0.000212581	1135.21701	934.8515157	964.3084317	-0.0071022	0.0616875	-0.070985	-0.000714611	-6.18e-05	-0.000166582
-0.0517383	0.0283895	-0.105718	-0.00176721	-0.000256947	-0.000280144	1139.75113	936.9967364	963.6058883	-0.0005038	0.0612848	0.189752	-0.001678881	0.000316235	-6.76e-05
-0.047447	0.102138	-0.104867	0.00114874	-0.00310761	-0.00176411	1120.027242	939.3358717	963.8028847	0.0042913	0.0737485	0.000851	0.00291595	-0.002850663	-0.001483966
0.0317621	-0.0789396	-0.0759859	0.000777259	-0.00117693	0.0	1136.579264	938.49236	979.6362665	0.0	0.0	0.0	0.0	0.0	0.0
0.0199589	-0.0970462	-0.106484	0.00122139	-0.00118576	0.000108043	1132.573861	940.8348745	976.5749118	-0.0118032	-0.0181066	-0.0304981	0.000444131	-8.83e-06	0.000108043
0.019955	-0.0536604	-0.144462	0.00144595	-0.00115246	-2.12e-22	1144.43087	940.2800502	971.8821019	-3.9e-06	0.0433858	-0.037978	0.00022456	3.33e-05	-0.000108043
0.0720375	0.00922869	-0.00203703	0.00091741	-0.000665683	0.0	1142.510219	938.8580661	970.9955339	0.0520825	0.06288909	0.14242497	-0.00052854	0.000486777	2.12e-22
0.0432621	-0.026635	-0.0207066	0.000870629	-0.000265092	0.0	1132.693377	939.7083022	971.7807814	-0.0287754	-0.03586369	-0.01866957	-4.68e-05	0.000400591	0.0
0.0188177	-0.0337966	-0.0885771	0.00107051	-0.000793694	-5.55e-05	1130.315206	936.315562	968.3452958	-0.0244444	-0.0071616	-0.0678705	0.000199881	-0.000528602	-5.55e-05
0.0297081	0.0280331	-0.0221999	0.000456166	-0.00100581	0.000207851	1116.633485	937.1042679	969.2941538	0.0108904	0.0618297	0.0663772	-0.000614344	-0.000212116	0.000263356
0.0242338	-0.148254	-0.118267	0.00188616	-0.000622623	0.000163569	1123.944937	940.1479118	971.7192746	-0.0054743	-0.1762871	-0.0960671	0.001429994	0.000383187	-4.43e-05
0.0136697	-0.0338787	-0.103192	0.00134772	-0.000379613	0.0	1130.263618	937.5224484	971.4751142	-0.0105641	0.1143753	0.015075	-0.00053844	0.00024301	-0.000163569
0.0127422	-0.0403973	-0.0342392	0.00113228	0.000112499	0.0	1129.723931	940.9937993	969.7936775	-0.0009275	-0.0065186	0.0689528	-0.00021544	0.000492112	0.0
0.00156146	-0.0223678	-0.0305059	0.000892205	0.00036202	-0.00017885	1131.574553	939.5405458	966.0661709	-0.01118074	0.0180295	0.0037333	-0.000240075	0.000249521	-0.00017885
0.0122875	-0.0413483	-0.00642286	0.00073897	0.00036202	0.0	1129.668608	937.5998934	964.6573174	0.01072604	-0.0189805	0.02408304	-0.000153235	0.0	0.00017885
-5.37e-05	-0.0485665	-0.00763632	0.000993176	-0.000418714	0.0	1130.460632	935.9120187	964.4128031	-0.01234123	-0.0072182	-0.00121346	0.000254206	-0.000780734	0.0
0.0127839	0.0701382	0.120527	-0.00088755	-0.000418714	0.0	1126.737211	936.6869616	967.4109357	0.01283763	0.1187047	0.12816332	-0.001880726	0.0	0.0
-0.0123568	-0.104592	-0.0183191	0.00153729	-0.000418714	-2.12e-22	1121.026612	941.7323621	970.4111918	-0.0251407	-0.1747302	-0.1388461	0.00242484	0.0	-2.12e-22
-5.31e-05	-0.0569842	0.0382383	-1.13e-05	-0.000589004	0.0	1132.709483	939.5629388	968.8426519	0.012303744	0.0476078	0.0565574	-0.001548569	-0.00017029	2.12e-22
0.0288322	-0.0778891	-0.0259209	0.000446813	0.000705168	-0.000173953	1133.135957	941.385978	968.4752176	0.028885256	-0.0209049	-0.0641592	0.000458092	0.001294172	-0.000173953
0.0348271	-0.0127735	0.0251491	0.000353424	0.000697852	-0.000408526	1131.614236	937.6042644	962.3169767	0.0059949	0.0651156	0.05107	-9.34e-05	-7.32e-06	-0.000234573
0.0208131	-0.0107867	0.0676164	-0.000134774	0.000154044	0.0	1126.076375	939.0013674	962.1998747	-0.014014	0.0019868	0.0424673	-0.000488198	-0.000543808	0.000408526
0.00135536	-0.0337259	-0.0264234	-0.000130374	5.2e-05	0.0	1118.847556	935.7055062	960.2579337	-0.01945774	-0.0229392	-0.0940398	4.4e-06	-0.000102065	0.0
-0.00230154	-0.00905312	-0.00563785	-0.000757673	0.000154044	0.0	1116.62905	936.749747	964.1190843	-0.0036569	0.02467278	0.02078555	-0.000627299	0.000102065	0.0
0.00216522	-0.0706537	-0.0249239	0.00082682	0.000154044	0.0	1118.370428	938.0089957	966.9027974	0.00446676	-0.06160058	-0.01928605	0.001584493	0.0	0.0
0.0392495	0.00153028	0.0292626	-0.000206501	0.000154044	0.0	1126.579413	939.9686787	969.0987678	0.03708428	0.07218398	0.0541865	-0.001033321	0.0	0.0
0.0288999	-0.0889984	0.0218593	0.000526317	0.000410184	-0.000273858	1130.040227	940.5534276	969.0070584	-0.0103496	-0.09052868	-0.0074033	0.000732818	0.00025614	-0.000273858
0.0396691	-0.0387574	0.0589119	-0.000710853	0.000475011	0.0	1130.514554	938.9102715	968.8030695	0.0107692	0.050241	0.0370526	-0.00123717	6.48e-05	0.000273858
0.0435885	-0.0887847	0.00559133	0.000299504	0.000370796	0.000364689	1128.960386	936.9567974	967.6951811	0.0039194	-0.0500273	-0.05332057	0.001010357	-0.000104215	0.000364689
0.0542321	0.0555151	0.130049	-0.000562088	-5.97e-05	0.0	1118.685323	937.3567094	971.1656429	0.0106436	0.1442998	0.12445767	-0.000861592	-0.000430453	-0.000364689
0.0524952	-0.100301	-0.0152356	0.00181738	-5.09e-06	-5.91e-05	1123.948439	942.3644522	974.5475231	-0.0017369	-0.1558161	-0.1452846	0.002379468	5.46e-05	-5.91e-05
0.0324169	-0.0781808	-0.0672709	0.000249366	0.000370796	-0.000143492	1126.626099	938.7224758	971.3862352	-0.0200783	0.0221202	-0.0520353	-0.001568014	0.000375888	-8.44e-05
0.027031	-0.0821926	-0.171565	0.0025261	0.000176721	0.0	1134.805439	938.6490432	969.4578887	-0.0053859	-0.0040118	-0.1042941	0.002276734	-0.000194075	0.000143492
0.0204344	0.0281329	-0.0976357	0.00114947	0.000200207	-0.000170335	1136.761105	936.5061596	965.3372846	-0.0065966	0.1103255	0.0739293	-0.00137663	2.35e-05	-0.000170335
-0.00489252	-0.0237585	-0.0950842	0.00132455	0.000286909	-0.000148568	1138.813176	937.8061145	963.6123805	-0.02532692	-0.0518914	0.0025515	0.00017508	8.67e-05	2.18e-05
0.00322124	0.028237	-0.038414	-0.000160884	0.000155497	0.0	1132.672602	936.4934949	965.1817209	0.00811376	0.0519955	0.0566702	-0.001485434	-0.000131412	0.000148568
-0.0156921	-0.0320117	-0.055267	0.000395827	7.3e-05	0.0	1133.767615	938.9558418	967.0198184	-0.01891334	-0.0602487	-0.016853	0.000556711	-8.25e-05	0.0
-0.00735045	-0.0529532	-0.0395898	0.000882301	-0.000104982	-0.000204712	1127.395947	938.944948	965.5651822	0.00834165	-0.0209415	0.0156772	0.000486474	-0.000177979	-0.000204712
-0.00731326	-0.0239028	-0.0552622	0.000670704	0.000213169	-0.000463014	1121.66644	936.5490401	965.3935522	3.72e-05	0.0290504	-0.0156724	-0.000211597	0.000318151	-0.000258302
-0.016659	-0.0625676	-0.0552119	0.00107131	0.000206367	-0.000385677	1116.854542	936.8221037	964.4661483	-0.00934574	-0.0386648	5.03e-05	0.000400606	-6.8e-06	7.73e-05
-0.00734862	-0.0530109	-0.0951064	0.00186012	0.000206367	-0.000165431	1124.403391	938.269036	965.8217943	0.00931038	0.0095567	-0.0398945	0.00078881	0.0	0.000220246
0.0428325	-0.131736	-0.151856	0.00212402	0.000125893	0.000299991	1130.890841	937.8145426	967.9609686	0.05018112	-0.0787251	-0.0567496	0.0002639	-8.05e-05	0.000465422
0.084285	-0.0828486	-0.0960985	0.00177205	-0.000239922	0.000356603	1123.892416	939.7448616	968.2156807	0.0414525	0.0488874	0.0557575	-0.00035197	-0.000365815	5.66e-05
0.0791176	-0.0678949	-0.0338391	0.00100735	-0.000239922	0.000226436	1123.840595	937.5929671	970.2094796	-0.0051674	0.0149537	0.0622594	-0.0007647	0.0	-0.000130167
0.111309	-0.0491265	0.0844552	-0.000247448	-0.000536345	0.000601127	1127.235815	941.5004307	974.7987143	0.0321914	0.0187684	0.1182943	-0.001254798	-0.000296423	0.000374691
0.0768677	-0.104452	-0.0304697	0.000944102	-0.000239922	0.000361354	1123.115565	940.8075951	972.2228617	-0.0344413	-0.0553255	-0.1149249	0.00119155	0.000296423	-0.000239773
0.0454372	-0.0450158	-0.131092	0.00183249	-0.000400172	0.000337063	1128.998901	938.8421288	969.7271106	-0.0314305	0.0594362	-0.1006223	0.000888388	-0.00016025	-2.43e-05
0.0507894	-0.0582341	-0.112151	0.00153748	-0.000239922	0.000614918	1125.711992	937.2577009	969.8593595	0.0053522	-0.0132183	0.018941	-0.00029501	0.00016025	0.000277855
0.0267665	-0.0820491	-0.133021	0.00171123	-0.000239922	0.000355495	1124.761471	940.0167372	970.1618236	-0.0240229	-0.023815	-0.02087	0.00017375	0.0	-0.000259423
0.0515818	-0.0523597	-0.0574885	0.00129121	-3.61e-05	0.000744029	1130.376831	937.5496158	969.7561445	0.0248153	0.0296894	0.0755325	-0.00042002	0.000203842	0.000388534
0.0859338	-0.0426762	0.0244772	0.000726035	0.000692512	0.000807361	1124.626082	938.2448274	971.7993155	0.034352	0.0096835	0.0819657	-0.000565175	0.000728592	6.33e-05
0.0707524	-0.0987187	-0.0441981	0.00114668	0.000293678	0.000421201	1131.635245	939.4878922	973.7869086	-0.0151814	-0.0560425	-0.0686753	0.000420645	-0.000398834	-0.00038616
0.0685252	-0.0795775	-0.0642012	0.000761627	0.000720758	0.000532399	1124.573327	936.0153758	972.3600581	-0.0022272	0.0191412	-0.0200031	-0.000385053	0.00042708	0.000111198
0.0685194	-0.118768	-0.0881528	0.00141385	0.000563469	0.000421201	1129.612585	937.7862321	971.7299316	-5.8e-06	-0.0391905	-0.0239516	0.000652223	-0.000157289	-0.000111198
0.0684642	-0.0125873	-0.0702331	0.00062524	-0.00010675	0.000421201	1144.980361	938.3085766	969.8502871	-5.52e-05	0.1061807	0.0179197	-0.00078861	-0.000670219	0.0
0.0940797	0.0842016	-0.00470044	0.000120436	-0.00070112	0.00095437	1132.339032	942.1747512	972.3892603	0.0256155	0.0967889	0.06553266	-0.000504804	-0.00059437	0.000533169
0.0662927	-0.216788	-0.21894	0.00258072	0.000275468	0.000421201	1123.505625	940.0085332	970.4470724	-0.027787	-0.3009896	-0.21423956	0.002460284	0.000976588	-0.000533169
0.0737824	-0.063092	-0.107834	0.00139667	0.000680056	0.000421201	1144.121344	936.7397946	966.8153986	0.0074897	0.153696	0.111106	-0.00118405	0.000404588	0.0
0.0737563	-0.0949768	-0.107837	0.00146158	0.000419674	0.000421201	1133.345576	936.0923725	964.0554375	-2.61e-05	-0.0318848	-3e-06	6.49e-05	-0.000260382	0.0
0.098249	-0.0348671	-0.128857	0.0015419	0.000616593	0.000604151	1123.191196	933.0386193	959.5793687	0.0244927	0.0601097	-0.02102	8.03e-05	0.000196919	0.00018295
0.0864374	-0.0272475	-0.10781	0.000938419	0.000864121	0.000421201	1121.149863	934.7971023	960.3879224	-0.0118116	0.0076196	0.021047	-0.000603481	0.000247528	-0.00018295
0.0731299	-0.0338803	-0.0931661	0.000938419	0.0011161	0.000421201	1121.767515	938.821036	964.2362319	-0.0133075	-0.0066328	0.0146439	0.0	0.000251979	0.0
0.0730767	-0.0465159	-0.104185	0.0017593	0.000717901	0.000691755	1126.376797	939.8949099	964.9213	-5.32e-05	-0.0126356	-0.0110189	0.000820881	-0.000398199	0.000270554
0.091795	-0.0145672	0.055933	0.000330216	0.000864121	0.000421201	1130.373796	940.4746601	968.6107207	0.0187183	0.0319487	0.160118	-0.001429084	0.00014622	-0.000270554
0.0730629	-0.160875	-0.136451	0.0017361	0.000262818	0.000421201	1123.907122	942.0513996	969.8277029	-0.0187321	-0.1463078	-0.192384	0.001405884	-0.000601303	0.0
0.0730629	-0.0892295	-0.121188	0.00124343	0.000262818	0.000421201	1126.404809	936.5439742	969.1170896	0.0	0.0716455	0.015263	-0.00049267	0.0	0.0
0.0706671	-0.122849	-0.052644	0.00077645	0.00105727	0.000421201	1126.721571	940.4860247	971.8757836	-0.0023958	-0.0336195	0.068544	-0.00046698	0.000794452	0.0
0.0779706	-0.0931937	-0.0473472	0.000718379	0.000970538	0.000421201	1135.814785	939.5222549	972.0511523	0.0073035	0.0296553	0.0052968	-5.81e-05	-8.67e-05	0.0
0.0931269	0.0241521	-0.0095597	0.00240981	-0.000239222	0.000935511	1119.029864	935.4528854	973.2885709	0.0151563	0.1173458	0.0377875	0.001691431	-0.00120976	0.00051431
0.0671576	-0.0714457	-0.242719	0.00336036	-0.000592788	0.000421201	1124.154556	936.584927	970.1101889	-0.0259693	-0.0955978	-0.2331593	0.00095055	-0.000353566	-0.00051431
0.0671542	0.000951804	-0.0791794	0.00103425	-0.00086178	0.000555696	1118.478038	938.5522761	970.4014973	-3.4e-06	0.072397504	0.1635396	-0.00232611	-0.000268992	0.000134495
0.0531309	-0.0922153	-0.228503	0.00267396	-0.000755471	0.000421201	1134.174248	941.9892419	971.7353573	-0.0140233	-0.093167104	-0.1493236	0.00163971	0.000106309	-0.000134495
0.0350434	-0.105225	-0.384107	0.00433188	-0.000449943	0.000351703	1133.586942	935.661998	965.5590275	-0.0180875	-0.0130097	-0.155604	0.00165792	0.000305528	-6.95e-05
0.0378817	-0.0597167	-0.24851	0.00305358	0.000136894	0.000421201	1145.853151	938.6628958	962.8709834	0.0028383	0.0455083	0.135597	-0.0012783	0.000586837	6.95e-05
0.0461628	-0.0684115	-0.21751	0.00277007	-6.98e-06	0.000421201	1146.767491	939.3272864	960.1425045	0.0082811	-0.0086948	0.031	-0.00028351	-0.00014387	0.0
0.0518291	-0.0960362	-0.169125	0.00150562	0.000474292	0.000421201	1120.0175	936.4427914	962.150144	0.0056663	-0.0276247	0.048385	-0.00126445	0.000481268	0.0
0.0377681	-0.143326	-0.209792	0.00262858	8.28e-05	0.0007478	1131.702706	937.8739433	968.7805065	-0.014061	-0.0472898	-0.040667	0.00112296	-0.000391476	0.000326599
0.063693	-0.0883182	-0.190914	0.00250834	-0.000690212	0.000830749	1119.107362	936.4571596	967.4674479	0.0259249	0.0550078	0.018878	-0.00012024	-0.000773028	8.29e-05
0.0637531	-0.0457577	-0.148409	0.00162435	-0.000220424	0.000697232	1125.79626	935.7105945	966.5322047	6.01e-05	0.0425605	0.042505	-0.00088399	0.000469788	-0.000133517
0.0637498	-0.0975195	-0.133665	0.00156587	-0.000121906	0.000836569	1126.887072	937.245888	967.9465374	-3.3e-06	-0.0517618	0.014744	-5.85e-05	9.85e-05	0.000139337
0.0920581	0.0051246	0.060153	-0.000455381	-0.000191648	0.000851074	1125.900369	938.6001777	974.512782	0.0283083	0.1026441	0.193818	-0.002021251	-6.97e-05	1.45e-05
0.0721399	-0.110173	-0.0516455	0.00156202	-0.000482147	0.000642165	1124.063986	943.4696851	974.5355928	-0.0199182	-0.1152976	-0.1117985	0.002017401	-0.000290499	-0.000208909
0.0566301	-0.127889	-0.197934	0.00307433	-0.00113121	0.00041728	1137.000136	939.2240413	969.4083971	-0.0155098	-0.017716	-0.1462885	0.00151231	-0.000649063	-0.000224885
0.0209816	0.0484515	-6.24e-05	-9.1e-05	-0.00198149	0.000377516	1139.96331	941.5076088	977.0611521	0.0	0.0	0.0	0.0	0.0	0.0
0.0175215	0.0484649	-0.0235817	0.000619869	-0.00170604	0.000388137	1145.525753	940.681291	969.7006878	-0.0034601	1.34e-05	-0.023519261	0.000710831	0.00027545	1.06e-05
0.0426067	0.0672158	0.0378108	-0.000617579	-0.00157709	0.000462505	1147.131031	940.9792482	965.454578	0.0250852	0.0187509	0.0613925	-0.001237448	0.00012895	7.44e-05
0.0491088	0.0449091	0.0546212	-0.00123603	-0.000981975	0.000547109	1147.224645	939.6384882	963.0235942	0.0065021	-0.0223067	0.0168104	-0.000618451	0.000595115	8.46e-05
0.0490384	0.0472509	0.012857	-0.000275016	-0.000566037	0.000248422	1138.809963	937.4084567	960.0995388	-7.04e-05	0.0023418	-0.0417642	0.000961014	0.000415938	-0.000298687
0.049009	0.106492	0.0481669	-0.000517257	-0.000261127	0.000362648	1111.782863	935.484705	959.0400522	-2.94e-05	0.0592411	0.0353099	-0.000242241	0.00030491	0.000114226
0.0554491	0.0902811	0.0696189	-0.00156673	-2.99e-05	0.000866969	1123.80308	936.3158126	961.2982402	0.0064401	-0.0162109	0.021452	-0.001049473	0.000231264	0.000504321
0.0352363	0.0341755	0.000695531	-0.000138148	-0.000480863	0.000322476	1124.854973	936.6655792	963.0449061	-0.0202128	-0.0561056	-0.068923369	0.001428582	-0.000451	-0.000544493
0.0604535	0.0795785	0.0675297	-0.00148502	0.000209923	0.000607883	1125.072638	937.2971318	967.5080441	0.0252172	0.045403	0.066834169	-0.001346872	0.000690786	0.000285407
0.0522779	0.0221844	0.0797197	-0.00101056	0.000218473	0.000187532	1128.514001	941.859296	970.7151884	-0.0081756	-0.0573941	0.01219	0.00047446	8.55e-06	-0.000420351
0.0574475	0.0725444	0.110008	-0.00116121	0.000468909	0.000159061	1127.41092	940.0553817	968.1173061	0.0051696	0.05036	0.0302883	-0.00015065	0.000250436	-2.85e-05
0.0489371	0.0900535	0.103338	-0.00183623	0.00070026	0.000467737	1120.096322	938.4760141	968.101002	-0.0085104	0.0175091	-0.00667	-0.00067502	0.000231351	0.000308676
0.0353117	0.0206817	0.040845	-0.00095165	0.000694798	0.000387574	1127.592846	936.9162322	967.5652382	-0.0136254	-0.0693718	-0.062493	0.00088458	-5.46e-06	-8.02e-05
0.045827	0.198901	0.10418	-0.000710063	-0.000399219	0.00035553	1117.515472	937.5661611	970.448056	0.0105153	0.1782193	0.063335	0.000241587	-0.001094017	-3.2e-05
0.0381858	0.0190623	-0.00057459	0.00116937	0.000180707	0.0	1125.076327	941.0817762	973.1372916	-0.0076412	-0.1798387	-0.10475459	0.001879433	0.000579926	-0.00035553
0.0468279	0.0616331	0.0226409	-0.000157311	-0.000421324	0.0	1121.358962	939.3472176	969.9265166	0.0086421	0.0425708	0.02321549	-0.001326681	-0.000602031	0.0
0.0468509	0.109805	0.00157123	-0.000336534	4.96e-06	0.000261319	1118.52563	939.1544204	968.3252338	2.3e-05	0.0481719	-0.02106967	-0.000179223	0.000426288	0.000261319
0.00466724	0.0646572	-0.0798847	0.000221169	-0.000152655	0.000260121	1137.229356	944.3197548	968.5901547	-0.04218366	-0.0451478	-0.08145593	0.000557703	-0.000157619	-1.2e-06
-0.0102633	0.111723	-0.192488	0.000998487	-0.000143418	0.000147565	1141.453299	936.8687857	963.5526477	-0.01493054	0.0470658	-0.1126033	0.000777318	9.24e-06	-0.000112556
0.00750012	0.131055	-0.0801951	-0.000169348	-0.000252023	0.00043531	1122.00135	936.6098811	962.5594006	0.01776342	0.019332	0.1122929	-0.001167835	-0.000108605	0.000287745
-0.00421962	-0.00718363	-3.36e-05	0.000247971	-0.000110404	0.0	1134.817058	937.852642	965.6100887	-0.01171974	-0.13823863	0.08016148	0.000417319	0.000141619	-0.00043531
0.0139533	0.0464559	-0.0179292	-3.52e-05	-0.000512891	0.000302932	1132.725493	937.9900731	966.1323496	0.01817292	0.05363953	-0.01789558	-0.000283184	-0.000402487	0.000302932
0.0092295	0.033688	-0.0805173	0.000212774	-0.000435182	0.00031448	1127.677698	939.4313219	965.1054745	-0.0047238	-0.0127679	-0.0625881	0.000247987	7.77e-05	1.15e-05
0.00963866	0.0561925	-0.0466806	-0.000413718	-0.000435183	0.000359147	1134.716757	940.5214051	965.4242167	0.00040916	0.0225045	0.0338367	-0.000626492	-1e-09	4.47e-05
0.00213059	-0.0138347	-0.129326	0.000762593	-0.000336627	0.000294802	1135.135485	938.1183991	964.7603656	-0.00750807	-0.0700272	-0.0826454	0.001176311	9.86e-05	-6.43e-05
0.0403542	0.19053	0.285966	-0.00187624	-1.92e-05	0.000600167	1118.196135	935.8771284	967.9424612	0.03822361	0.2043647	0.415292	-0.002638833	0.00031743	0.000305365
0.0952114	0.16387	0.532663	-0.0017268	-0.000894117	0.000633203	1110.757717	938.3352634	970.7844861	0.0548572	-0.02666	0.246697	0.00014944	-0.00087492	3.3e-05
0.0330697	0.0233295	0.0274106	-0.000235852	-0.000894117	-0.000343812	1114.964597	940.1331076	965.8914183	-0.0621417	-0.1405405	-0.5052524	0.001490948	0.0	-0.000977015
0.0578676	0.0656433	0.068183	-0.000797802	-0.000682811	0.000272823	1139.067517	940.2551264	966.7640454	0.0247979	0.0423138	0.0407724	-0.00056195	0.000211306	0.000616635
-0.000798322	0.00523605	-0.106065	-0.000697374	-0.000309519	0.000283527	1140.252914	939.1252554	967.1740018	-0.058665922	-0.06040725	-0.174248	0.000100428	0.000373292	1.07e-05
0.0250219	0.0305567	-0.205528	0.0010266	-0.000656115	0.000244018	1126.169032	940.9324182	961.1750042	0.025820222	0.02532065	-0.099463	0.001723974	-0.000346596	-3.95e-05
0.0297862	0.104945	-0.0486594	-0.000908351	-0.000482979	0.000358973	1129.790477	935.7418075	960.4297816	0.0047643	0.0743883	0.1568686	-0.001934951	0.000173136	0.000114955
0.0634295	0.229426	0.236809	-0.00262656	-9.34e-06	0.000664855	1118.282832	937.9502617	966.0624902	0.0336433	0.124481	0.2854684	-0.001718209	0.00047364	0.000305882
0.0614839	0.0734506	0.178081	-0.00113758	0.000242303	0.000532287	1130.740454	939.7363925	967.1510203	-0.0019456	-0.1559754	-0.058728	0.00148898	0.000251642	-0.000132568
0.0833291	0.0916617	0.1807	-0.00100572	0.000312483	0.000532287	1129.28851	939.0797533	968.7428509	0.0218452	0.0182111	0.002619	0.00013186	7.02e-05	0.0
0.0461748	0.0869924	0.22694	-0.00183908	0.00049559	4.6e-05	1126.023999	939.3372351	968.8769714	-0.0371543	-0.0046693	0.04624	-0.00083336	0.000183107	-0.000486287
0.0461806	0.118473	0.273357	-0.00287399	0.000362814	0.00019415	1125.458393	938.6634289	968.2426045	5.8e-06	0.0314806	0.046417	-0.00103491	-0.000132776	0.00014815
0.0619739	0.118337	0.397266	-0.00362989	-2.76e-05	0.000532287	1123.478197	939.4919045	969.2629086	0.0157933	-0.000136	0.123909	-0.0007559	-0.000390455	0.000338137
0.0634967	0.118351	0.254362	-0.00315634	-0.000564544	0.000532287	1121.740798	939.914465	969.7337729	0.0015228	1.4e-05	-0.142904	0.00047355	-0.000536903	0.0
0.063648	0.214392	0.461324	-0.00504652	-0.000503937	0.000706331	1126.670768	939.9921197	972.8445347	0.0001513	0.096041	0.206962	-0.00189018	6.06e-05	0.000174044
0.115769	0.101447	0.353705	-0.00268479	-0.00043168	0.000908677	1120.010316	941.8742579	972.3758505	0.052121	-0.112945	-0.107619	0.00236173	7.23e-05	0.000202346
0.115744	0.154061	0.45031	-0.00438442	-0.000156492	0.000854144	1129.404029	938.5104668	968.5209492	-2.5e-05	0.052614	0.096605	-0.00169963	0.000275188	-5.45e-05
0.120227	0.139948	0.43292	-0.00378717	0.000440909	0.000584271	1134.802763	939.2564268	966.4620562	0.004483	-0.014113	-0.01739	0.00059725	0.000597401	-0.000269873
0.122622	0.217287	0.513915	-0.00528677	0.000363567	0.000700846	1125.174553	938.5509421	964.4348506	0.002395	0.077339	0.080995	-0.0014996	-7.73e-05	0.000116575
0.0988383	0.113554	0.341037	-0.00358287	-2.57e-05	0.000532288	1138.129068	940.9000285	967.4577825	-0.0237837	-0.103733	-0.172878	0.0017039	-0.000389268	-0.000168558
0.115474	0.185194	0.45486	-0.00487175	0.000534068	0.000532288	1124.077467	936.1233948	965.5300918	0.0166357	0.07164	0.113823	-0.00128888	0.000559769	0.0
0.115366	0.117656	0.454971	-0.00466467	0.000881253	0.000532288	1124.970261	941.365388	968.2983392	-0.000108	-0.067538	0.000111	0.00020708	0.000347185	0.0
0.123877	0.154093	0.457255	-0.00451763	0.000881253	0.000532288	1118.389128	938.166059	966.569974	0.008511	0.036437	0.002284	0.00014704	0.0	0.0
0.115366	0.135849	0.436765	-0.00510549	0.000881253	0.000532288	1117.395341	938.5190266	968.1422083	-0.008511	-0.018244	-0.02049	-0.00058786	0.0	0.0
0.115421	0.136014	0.429792	-0.00449555	0.00067752	0.000532288	1120.154888	937.9670494	968.2979043	5.5e-05	0.000165	-0.006973	0.00060994	-0.000203733	0.0
0.138513	0.111648	0.422884	-0.0041062	0.000881253	0.000716346	1116.228159	936.7617999	967.6780163	0.023092	-0.024366	-0.006908	0.00038935	0.000203733	0.000184058
0.125421	0.206399	0.501933	-0.00552476	2.79e-05	0.00127359	1117.200273	937.4014381	972.8857204	-0.013092	0.094751	0.079049	-0.00141856	-0.000853389	0.000557244
0.0638793	0.108987	0.145458	-0.00248263	-0.000745841	0.000926791	1126.651169	940.3656925	971.2580883	-0.0615417	-0.097412	-0.356475	0.00304213	-0.000773705	-0.000346799
0.0793569	0.200498	0.378284	-0.00379115	-0.00108473	0.00106294	1124.895093	938.3376345	970.6876711	0.0154776	0.091511	0.232826	-0.00130852	-0.000338889	0.000136149
0.100258	0.155329	0.443617	-0.00342162	-0.00066721	0.000930142	1120.330127	943.6062556	973.1336923	0.0209011	-0.045169	0.065333	0.00036953	0.00041752	-0.000132798
0.0747703	0.0265672	0.128751	-0.00130001	-0.00103244	0.000846415	1135.561361	946.0831701	971.7419235	-0.0254877	-0.1287618	-0.314866	0.00212161	-0.00036523	-8.37e-05
0.0891053	0.0818369	0.0680364	-0.0017496	-0.000422878	0.000846415	1158.136478	940.4557958	969.3754544	0.014335	0.0552697	-0.0607146	-0.00044959	0.000609562	0.0
0.0789533	0.153738	0.194602	-0.00333738	-0.000460455	0.000596542	1148.534784	938.8005755	966.8954149	-0.010152	0.0719011	0.1265656	-0.00158778	-3.76e-05	-0.000249873
0.120233	0.188782	0.346931	-0.00433437	-5.6e-05	0.000846415	1118.245479	936.8793135	965.6404443	0.0412797	0.035044	0.152329	-0.00099699	0.000404447	0.000249873
0.0645793	0.0727615	0.22238	-0.00225267	-5.6e-05	0.000846414	1134.404095	937.4217113	965.2866344	-0.0556537	-0.1160205	-0.124551	0.0020817	0.0	-1e-09
0.085065	0.122914	0.222356	-0.00203526	-0.00100332	0.00100228	1121.99328	937.4884589	968.2646182	0.0204857	0.0501525	-2.4e-05	0.00021741	-0.000947311	0.000155866
-0.0410308	0.169618	0.151265	-0.00313381	-0.00112364	0.000123451	1136.770738	938.8526457	970.7552564	-0.1260958	0.046704	-0.071091	-0.00109855	-0.00012032	-0.000878829
0.0182883	0.246439	0.228896	-0.00357478	-0.000601142	0.000280661	1126.302767	942.3533463	971.9825854	0.0593191	0.076821	0.077631	-0.00044097	0.000522498	0.00015721
0.0534625	0.217369	0.251427	-0.0038036	-0.000508961	0.00111302	1132.6524	939.5026457	968.8210976	0.0351742	-0.02907	0.022531	-0.00022882	9.22e-05	0.000832359
0.080927	0.419487	1.07351	-0.00977858	-0.0034288	0.00123358	1107.51119	935.5356371	968.4046854	0.0274645	0.202118	0.822083	-0.00597498	-0.002919839	0.00012056
0.0451386	-0.0779023	0.357213	-0.00269185	-0.00150809	0.00040894	1118.415875	942.9263081	975.5825509	-0.0357884	-0.4973893	-0.716297	0.00708673	0.00192071	-0.00082464
0.0350561	-0.105595	-0.0633225	0.000523756	-0.0014225	0.000506517	1130.470218	940.969408	968.930787	-0.0100825	-0.0276927	-0.4205355	0.003215606	8.56e-05	9.76e-05
0.0305107	0.0212371	-0.00768526	-0.000842022	-0.00134715	0.000429975	1143.653697	941.9269209	965.4813985	-0.0045454	0.1268321	0.05563724	-0.001365778	7.53e-05	-7.65e-05
0.0605341	0.0722762	-0.14917	0.00087273	-0.0014225	0.000301082	1153.642529	939.7427234	958.679093	0.0300234	0.0510391	-0.14148474	0.001714752	-7.53e-05	-0.000128893
0.0371972	0.0926765	-0.0994061	0.000165997	-0.00122115	8.74e-05	1136.515028	939.0292006	955.0181388	-0.0233369	0.0204003	0.0497639	-0.000706733	0.00020135	-0.000213691
0.0580484	0.26098	0.0747595	-0.00175202	-0.000480154	0.000609701	1126.153122	939.3947352	955.6315183	0.0208512	0.1683035	0.1741656	-0.001918017	0.000740996	0.00052231
0.0271316	0.326437	0.453954	-0.00514911	-0.000607774	1.8e-07	1120.595982	936.4367169	958.2873335	-0.0309168	0.065457	0.3791945	-0.00339709	-0.00012762	-0.000609521
0.0398764	0.345558	0.663219	-0.00831341	-0.00103215	0.000424767	1104.460885	937.9418679	963.3062796	0.0127448	0.019121	0.209265	-0.0031643	-0.000424376	0.000424587
0.00336277	0.0426329	0.109623	-0.00133119	-0.000553108	0.000262334	1120.499601	941.7884701	968.7105252	-0.03651363	-0.3029251	-0.553596	0.00698222	0.000479042	-0.000162433
0.005419	0.0722078	0.119248	-0.00125457	-0.000646115	4.83e-05	1119.712411	937.2779492	965.6866584	0.00205623	0.0295749	0.009625	7.66e-05	-9.3e-05	-0.000214057
0.0179674	0.00831796	0.136118	-0.00105338	-0.000581304	-0.000107363	1119.534405	939.983963	966.4777409	0.0125484	-0.06388984	0.01687	0.00020119	6.48e-05	-0.00015564
0.0180083	0.0755322	0.178679	-0.00276739	-0.000586059	0.000224843	1129.158695	939.3753868	966.773206	4.09e-05	0.06721424	0.042561	-0.00171401	-4.75e-06	0.000332206
0.0429681	0.0676251	0.269121	-0.00275208	-0.000646115	7.17e-05	1132.335587	941.2690487	967.2481227	0.0249598	-0.0079071	0.090442	1.53e-05	-6.01e-05	-0.000153132
0.0501898	0.160039	0.307924	-0.00321969	-0.00050276	0.000299089	1139.060831	938.0960393	964.7342477	0.0072217	0.0924139	0.038803	-0.00046761	0.000143355	0.000227378
0.0350666	0.222136	0.498668	-0.00460581	-0.00181257	-0.000513494	1122.324619	938.745162	967.8741403	-0.0151232	0.062097	0.190744	-0.00138612	-0.00130981	-0.000812583
0.0275554	-0.0947923	-0.0186906	0.00030615	-0.000631255	0.000644998	1158.345622	942.1529807	976.0336978	0.0	0.0	0.0	0.0	0.0	0.0
0.0503147	-0.0230866	0.0499967	-0.00213528	0.0	0.000755599	1169.607579	939.3070599	969.9418081	0.0227593	0.0717057	0.0686873	-0.00244143	0.000631255	0.000110601
0.0511378	-0.116461	-0.0135429	-0.00170985	-0.000277924	0.000983268	1127.583093	941.9019074	965.4178067	0.0008231	-0.0933744	-0.0635396	0.00042543	-0.000277924	0.000227669
0.0117211	-0.0907556	-0.0587354	-0.000649307	0.00031979	0.000772546	1150.334088	940.8448059	965.0138409	-0.0394167	0.0257054	-0.0451925	0.001060543	0.000597714	-0.000210722
-0.0443123	-0.125708	-0.211541	0.00135589	-0.00116802	0.000750494	1134.270355	937.1620693	964.8720388	-0.0560334	-0.0349524	-0.1528056	0.002005197	-0.00148781	-2.21e-05
0.000292896	-0.0963847	-0.237602	0.00105516	-0.00093264	0.00077117	1111.843202	936.1147202	964.3517343	0.044605196	0.0293233	-0.026061	-0.00030073	0.00023538	2.07e-05
-0.0170087	-0.143334	-0.148702	0.000410914	-0.00021325	0.000766192	1127.226916	940.8411487	968.4482158	-0.017301596	-0.0469493	0.0889	-0.000644246	0.00071939	-4.98e-06
-0.00903082	-0.0587436	0.0131699	0.000830992	-8.58e-05	0.000543916	1123.182077	937.6665242	972.1330743	0.00797788	0.0845904	0.1618719	0.000420078	0.000127401	-0.000222276
0.0558499	0.170329	0.590932	-0.00231994	-0.00102516	0.000985761	1109.061641	938.2515924	973.7713405	0.06488072	0.2290726	0.5777621	-0.003150932	-0.000939311	0.000441845
0.0076547	-0.214071	0.19036	-0.000730482	-1.39e-05	8.7e-05	1109.027836	943.7898591	975.2679401	-0.0481952	-0.3844	-0.400572	0.001589458	0.001011296	-0.000898732
0.00946098	-0.113613	0.0246822	-0.000657672	9.94e-05	2.06e-05	1127.97871	942.038649	972.2016014	0.00180628	0.100458	-0.1656778	7.28e-05	0.000113221	-6.64e-05
0.0228788	-0.0397326	0.106007	-0.0015057	-0.000782965	0.00100237	1140.79349	941.2595696	972.5549923	0.01341782	0.0738804	0.0813248	-0.000848028	-0.000882322	0.000981758
0.022904	-0.0805271	-0.0166758	-0.000653155	5e-06	0.00127043	1132.193798	944.7602003	969.0529246	2.52e-05	-0.0407945	-0.1226828	0.000852545	0.000787965	0.00026806
0.0399496	-0.0524862	0.0448195	-0.000530176	-7.26e-05	0.000938375	1148.672499	940.7770057	965.2220905	0.0170456	0.0280409	0.0614953	0.000122979	-7.76e-05	-0.000332055
0.0736656	0.124636	0.393697	-0.00271807	-0.000639514	0.00143065	1120.664096	938.7230032	968.0962164	0.033716	0.1771222	0.3488775	-0.002187894	-0.000566911	0.000492275
0.0713378	-0.110336	0.265222	-0.000229698	-0.000575704	0.000897544	1114.503752	940.7482672	972.0433454	-0.0023278	-0.234972	-0.128475	0.002488372	6.38e-05	-0.000533106
-0.00676951	-0.216202	0.0641663	0.000167837	-0.000400864	0.000498394	1113.051118	939.5249074	972.0322394	-0.07810731	-0.105866	-0.2010557	0.000397535	0.00017484	-0.00039915
-0.00838048	-0.110902	0.0179204	0.000252986	-0.000165012	0.000348497	1133.361295	936.9055491	964.7142601	-0.00161097	0.1053	-0.0462459	8.51e-05	0.000235852	-0.000149897
0.0214734	-0.0370124	0.0921268	0.000360624	0.000371894	0.000348497	1131.172055	937.9934901	963.9623851	0.02985388	0.0738896	0.0742064	0.000107638	0.000536906	0.0
0.0150581	-0.0685678	0.103019	0.000202214	0.000599932	0.000276144	1105.920472	939.7250917	963.8161411	-0.0064153	-0.0315554	0.0108922	-0.00015841	0.000228038	-7.24e-05
-0.00241399	-0.000676813	-0.0252369	0.000185665	-0.000113462	-8.93e-05	1121.498932	940.5423508	966.255769	-0.01747209	0.067890987	-0.1282559	-1.65e-05	-0.000713394	-0.000365401
0.00877115	-0.0780292	-0.12149	0.000859204	0.000403346	0.000496467	1118.237977	938.8428856	966.1731035	0.01118514	-0.077352387	-0.0962531	0.000673539	0.000516808	0.000585724
0.0623511	0.0393995	0.292065	0.000776191	-0.000635724	-8.93e-05	1116.688827	937.6672245	971.9724201	0.05357995	0.1174287	0.413555	-8.3e-05	-0.00103907	-0.000585724
0.0769548	-0.156546	0.156382	0.00123546	0.000366208	-0.000174296	1118.927305	944.3557337	975.4483507	0.0146037	-0.1959455	-0.135683	0.000459269	0.001001932	-8.5e-05
0.0760461	-0.0903988	0.203907	-0.000418456	0.00081678	-8.93e-05	1123.83956	939.0958523	972.1854489	-0.0009087	0.0661472	0.047525	-0.001653916	0.000450572	8.5e-05
0.0572603	-0.15743	0.124661	-0.000188157	0.000411407	-0.000622018	1122.207612	940.9944124	974.5479458	-0.0187858	-0.0670312	-0.079246	0.000230299	-0.000405373	-0.000532761
0.0366661	-0.120313	-0.0416977	0.000628432	0.000411407	1.72e-05	1141.708184	943.2251777	974.0557458	-0.0205942	0.037117	-0.1663587	0.000816589	0.0	0.000639213
0.0367502	-0.0306311	0.247977	-0.000805406	-0.000195681	-0.000190212	1135.217139	941.5511311	974.3742586	8.41e-05	0.0896819	0.2896747	-0.001433838	-0.000607088	-0.000207407
0.0249016	0.0813077	0.147244	-0.00135883	-0.000195681	-8.93e-05	1118.896439	944.4179055	973.9987625	-0.0118486	0.1119388	-0.100733	-0.000553424	0.0	0.000100955
-0.052378	-0.155183	-0.215064	0.0013126	-0.000733272	-0.000374847	1132.504657	941.483694	971.773178	-0.0772796	-0.2364907	-0.362308	0.00267143	-0.000537591	-0.00028559
0.00485678	-0.135705	-0.203757	0.00166263	0.000238192	5.81e-05	1121.217224	934.8051448	968.3088917	0.05723478	0.019478	0.011307	0.00035003	0.000971464	0.000432906
0.00513909	-0.0756353	-0.0654385	-0.000214308	0.000671872	0.000131846	1137.584957	939.7309276	969.3582374	0.00028231	0.0600697	0.1383185	-0.001876938	0.00043368	7.38e-05
0.0423195	0.0279597	0.260001	-0.00253463	0.00152436	0.000352046	1130.354367	938.056855	970.5431122	0.03718041	0.103595	0.3254395	-0.002320322	0.000852488	0.0002202
0.0605312	-0.0939003	0.250584	-0.00106986	0.00179156	8.71e-06	1122.35361	942.4994255	972.463566	0.0182117	-0.12186	-0.009417	0.00146477	0.0002672	-0.000343339
0.01976	-0.115994	0.0279038	-0.000463548	0.00157192	-5.05e-05	1132.144071	942.2235561	970.2984046	-0.0407712	-0.0220937	-0.2226802	0.000606312	-0.00021964	-5.92e-05
0.0969942	0.0937797	0.716105	-0.00181164	0.00183375	0.00045459	1111.42211	935.1650511	969.3305438	0.0772342	0.2097737	0.6882012	-0.001348092	0.00026183	0.000505056
0.115902	-0.0357586	0.856241	-0.00387662	0.00431398	0.000283375	1100.21527	936.5714764	967.9810368	0.0189078	-0.1295383	0.140136	-0.00206498	0.00248023	-0.000171215
0.0419023	-0.0752475	0.335808	-0.00239863	0.000905746	0.000252129	1125.423004	942.9512018	971.4063162	-0.0739997	-0.0394889	-0.520433	0.00147799	-0.003408234	-3.12e-05
0.00852034	-0.101888	0.115119	-0.00199149	0.00109	0.000317752	1131.450334	939.7461009	967.0287085	-0.03338196	-0.0266405	-0.220689	0.00040714	0.000184254	6.56e-05
-0.00378317	-0.0422753	0.149306	-0.00256032	0.000338014	0.000276293	1118.700713	942.2772205	965.5156998	-0.01230351	0.0596127	0.034187	-0.00056883	-0.000751986	-4.15e-05
-0.0198418	0.0384914	0.359943	-0.00364364	0.000338014	0.00038926	1126.740174	941.3760801	965.2030805	-0.01605863	0.0807667	0.210637	-0.00108332	0.0	0.000112967
-0.00430624	0.146444	0.801096	-0.00847838	0.00111175	-0.000138838	1121.870787	938.3240094	966.4826231	0.01553556	0.1079526	0.441153	-0.00483474	0.000773736	-0.000528098
-0.00796498	0.000850502	0.523365	-0.00348523	0.000977872	-0.00030925	1113.771801	943.0414118	970.2803277	-0.00365874	-0.145593498	-0.277731	0.00499315	-0.000133878	-0.000170412
-0.0214703	-0.0259287	0.367284	-0.00190824	0.000469514	-0.000641574	1116.088421	940.7321082	970.448675	-0.01350532	-0.026779202	-0.156081	0.00157699	-0.000508358	-0.000332324
-0.0364676	-0.0727054	0.190626	-0.00143014	0.000284119	-0.00048402	1120.748854	941.7057694	971.2551487	-0.0149973	-0.0467767	-0.176658	0.0004781	-0.000185395	0.000157554
0.00730526	0.111483	0.411373	-0.00139705	0.000261296	-0.00048402	1111.488495	937.8482411	972.533115	0.04377286	0.1841884	0.220747	3.31e-05	-2.28e-05	0.0
0.0289462	-0.252758	-0.145247	0.00409143	-0.00213293	-0.000251722	1117.485449	943.0758825	974.7608849	0.02164094	-0.364241	-0.55662	0.00548848	-0.002394226	0.000232298
-0.0235116	-0.235741	-0.503101	0.00416362	-0.00159358	-0.000292084	1123.264385	934.2995226	966.2057872	-0.0524578	0.017017	-0.357854	7.22e-05	0.00053935	-4.04e-05
-0.014756	-0.175918	-0.313056	0.00234133	-0.000762267	0.000224157	1108.256445	938.5169831	967.0390546	0.0087556	0.059823	0.190045	-0.00182229	0.000831313	0.000516241
0.000921326	-0.105439	-0.189311	0.00191148	-0.000434795	0.000165896	1123.83956	937.6873	968.0441872	0.015677326	0.070479	0.123745	-0.00042985	0.000327472	-5.83e-05
0.0287087	0.115086	0.392201	-0.00256466	-0.000332773	-0.000258015	1111.48629	942.6153653	971.4934532	0.027787374	0.220525	0.581512	-0.00447614	0.000102022	-0.000423911
0.0283069	0.138398	0.868161	-0.00844804	-0.000877028	-0.00039905	1119.539714	944.301006	972.3981699	-0.0004018	0.023312	0.47596	-0.00588338	-0.000544255	-0.000141035
0.0250959	-0.187605	0.0175718	0.00143744	-0.000644752	6.17e-05	1142.656683	947.1131564	974.6902673	-0.003211	-0.326003	-0.8505892	0.00988548	0.000232276	0.000460768
0.0480686	-0.185722	0.0100377	0.00648692	-0.000565319	-0.000972336	1134.274519	937.8871212	965.5872934	0.0229727	0.001883	-0.0075341	0.00504948	7.94e-05	-0.001034054
0.0751592	-0.0469449	0.090371	0.00369485	-0.000738589	-0.00115019	1118.468733	938.1711348	966.13979	0.0270906	0.1387771	0.0803333	-0.00279207	-0.00017327	-0.000177854
0.0388844	-0.0948772	0.132524	0.00116568	-0.000269694	-0.00100752	1111.749381	937.9055626	968.2621594	-0.0362748	-0.0479323	0.042153	-0.00252917	0.000468895	0.00014267
0.013769	-0.0948981	0.0545406	0.00101923	6.42e-05	-0.000808633	1114.18236	939.7019297	971.703202	-0.0251154	-2.09e-05	-0.0779834	-0.00014645	0.000333891	0.000198887
-0.0201006	-0.0948494	-0.0861696	-0.000510675	0.000302371	-0.000520847	1122.639973	940.4734613	970.8202963	-0.0338696	4.87e-05	-0.1407102	-0.001529905	0.000238174	0.000287786
-0.033261	-0.0406012	-0.0181671	0.00088555	-0.000774576	-0.000790148	1124.870856	942.797575	970.4729343	-0.0131604	0.0542482	0.0680025	0.001396225	-0.001076947	-0.000269301
-0.0274935	-0.0586751	-0.0602362	-7.63e-05	-3.49e-05	-0.000513569	1121.436712	938.8081036	970.0747122	0.0057675	-0.0180739	-0.0420691	-0.000961883	0.000739677	0.000276579
-0.0139111	-0.0560095	-0.0310625	-0.000471233	0.000896105	-0.000371647	1121.543026	940.2791907	971.7921764	0.0135824	0.0026656	0.0291737	-0.0003949	0.000931004	0.000141922
0.00742725	-0.113547	0.046392	0.000382589	0.000462728	-0.000372709	1117.350719	939.5398992	972.7205737	0.02133835	-0.0575375	0.0774545	0.000853822	-0.000433377	-1.06e-06
0.0304636	-0.0634147	0.218414	0.0010507	0.000690096	-0.00025789	1117.121188	940.4829024	977.2719539	0.02303635	0.0501323	0.172022	0.000668111	0.000227368	0.000114819
0.0595826	0.237997	0.64625	-0.00286966	-0.000744083	0.00100352	1111.616611	939.0495023	979.3066174	0.029119	0.3014117	0.427836	-0.00392036	-0.001434179	0.00126141
0.0144284	-0.175028	0.0148186	0.000824475	-0.00018504	0.000476336	1117.829868	948.0857541	980.9172187	-0.0451542	-0.413025	-0.6314314	0.003694135	0.000559043	-0.000527184
-0.0109096	-0.1467	-0.120186	0.000823044	-0.000319702	0.00017726	1135.843756	938.1733395	970.4437585	-0.025338	0.028328	-0.1350046	-1.43e-06	-0.000134662	-0.000299076
-0.0158301	0.0506945	0.399961	-0.00462827	0.000223702	-0.00019131	1126.878823	941.277207	975.7052086	-0.0049205	0.1973945	0.520147	-0.005451314	0.000543404	-0.00036857
-0.0101754	-0.0794103	0.112827	-0.00314277	0.0010776	-0.00019131	1123.345958	946.1774675	974.6901947	0.0056547	-0.1301048	-0.287134	0.0014855	0.000853898	0.0
0.019252	-0.065092	-0.106067	0.000574568	0.000429526	-0.00019131	1158.39143	940.966011	969.7745679	0.0294274	0.0143183	-0.218894	0.003717338	-0.000648074	0.0
-0.0107657	-0.0501241	-0.0914369	-0.00118478	0.00160296	8.33e-05	1157.036782	943.1607753	963.2752009	-0.0300177	0.0149679	0.0146301	-0.001759348	0.001173434	0.000274641
-0.00375324	0.198417	0.535954	-0.00910297	0.00059062	0.000197972	1142.164062	936.6824363	966.0330078	0.00701246	0.2485411	0.6273909	-0.00791819	-0.00101234	0.000114641
-0.0165131	0.0622625	0.590669	-0.00475973	0.00059062	-0.000287191	1117.206435	937.8243528	967.3680965	-0.01275986	-0.1361545	0.054715	0.00434324	0.0	-0.000485163
-0.0446883	0.123877	0.804449	-0.0102692	0.00151648	-0.00019131	1105.46239	936.9538444	968.852937	-0.0281752	0.0616145	0.21378	-0.00550947	0.00092586	9.59e-05
-0.0446187	0.184276	0.85952	-0.01013	0.00139434	-9.69e-05	1116.774075	941.1604631	970.4472512	6.96e-05	0.060399	0.055071	0.0001392	-0.00012214	9.44e-05
-0.0101327	-0.00796966	0.744276	-0.00927006	0.00172731	-0.000603209	1130.944484	944.8673474	968.9643172	0.034486	-0.19224566	-0.115244	0.00085994	0.00033297	-0.000506294
0.00452636	0.0126849	0.975698	-0.0107337	0.00065824	-0.000714813	1137.83629	939.0786817	968.4419778	0.01465906	0.02065456	0.231422	-0.00146364	-0.00106907	-0.000111604
0.120997	-0.0378182	0.840951	-0.0095519	-0.000244149	-0.000138759	1126.846243	942.2623065	968.5057967	0.11647064	-0.0505031	-0.134747	0.0011818	-0.000902389	0.000576054
0.0791636	0.027199	0.506821	-0.00278804	-0.000687134	-0.000619265	1115.150946	941.5606241	967.6341216	-0.0418334	0.0650172	-0.33413	0.00676386	-0.000442985	-0.000480506
0.0576572	-0.00622567	0.765893	-0.00933834	0.000760515	-0.000537222	1114.64828	940.5026926	967.8874895	-0.0215064	-0.03342467	0.259072	-0.0065503	0.001447649	8.2e-05
0.0467675	0.0148149	0.777217	-0.0101912	0.00127182	0.0	1115.064964	939.4864165	967.7229031	-0.0108897	0.02104057	0.011324	-0.00085286	0.000511305	0.000537222
0.067899	0.00715717	0.307859	-0.0007444	-0.000562448	0.00059368	1120.702162	943.4888741	986.5292735	0.0	0.0	0.0	0.0	0.0	0.0
0.043163	-0.0273673	0.0853222	0.00171209	-0.00195371	0.000573086	1105.210401	953.1074016	987.3875718	-0.024736	-0.03452447	-0.2225368	0.00245649	-0.001391262	-2.06e-05
0.0114261	-0.12918	-0.159429	0.00150471	-0.0015229	0.000564738	1108.533016	942.1713488	980.6675366	-0.0317369	-0.1018127	-0.2447512	-0.00020738	0.00043081	-8.35e-06
0.031746	-0.0149157	-0.00189017	0.000320744	-0.000628597	0.000564738	1107.562062	942.5731902	981.2717671	0.0203199	0.1142643	0.15753883	-0.001183966	0.000894303	0.0
0.0216592	-0.00343718	0.00958515	0.000564178	-0.000507784	0.000149462	1102.521312	943.9257195	977.3075082	-0.0100868	0.01147852	0.01147532	0.000243434	0.000120813	-0.000415276
0.0217009	-0.0119432	-0.03494	0.00190824	-0.00074447	0.000259737	1109.761459	945.9173363	974.1773316	4.17e-05	-0.00850602	-0.04452515	0.001344062	-0.000236686	0.000110275
0.00716372	0.00399146	-0.0202543	0.000948896	-0.000583844	0.000207075	1145.616882	944.2776978	970.885573	-0.01453718	0.01593466	0.0146857	-0.000959344	0.000160626	-5.27e-05
0.00924162	-0.0141708	-0.0144528	-0.000147798	-0.000244818	0.000106548	1134.918714	944.3631522	968.0966521	0.0020779	-0.01816226	0.0058015	-0.001096694	0.000339026	-0.000100527
0.021665	-0.0141869	-0.0145071	0.00020845	-0.000121277	0.00048007	1117.646553	941.2383685	968.4300435	0.01242338	-1.61e-05	-5.43e-05	0.000356248	0.000123541	0.000373522
0.0216906	0.0110152	0.158245	-0.000272747	-0.000238223	0.000106548	1099.620958	941.5089448	974.0375074	2.56e-05	0.0252021	0.1727521	-0.000481197	-0.000116946	-0.000373522
0.000810151	-0.146941	0.0674948	0.00105906	-0.00099645	0.000106548	1107.010106	941.0264356	974.163836	-0.020880449	-0.1579562	-0.0907502	0.001331807	-0.000758227	0.0
0.0176721	-0.0588584	0.0946368	0.000228381	-0.00064039	0.000322522	1106.613132	942.8339877	975.9592651	0.016861949	0.0880826	0.027142	-0.000830679	0.00035606	0.000215974
0.00363813	-0.059278	0.168666	-0.000783818	-0.000545865	0.000106548	1112.898095	941.157407	977.2790058	-0.01403397	-0.0004196	0.0740292	-0.001012199	9.45e-05	-0.000215974
0.066875	0.163654	0.633735	-0.00321101	-0.000676493	0.000383993	1115.360691	941.7957898	983.0225756	0.06323687	0.222932	0.465069	-0.002427192	-0.000130628	0.000277445
0.00497065	-0.140753	-0.0359421	-7.54e-05	-0.00107328	0.000320988	1104.151895	942.9829897	981.1525379	-0.06190435	-0.304407	-0.6696771	0.003135594	-0.000396787	-6.3e-05
-0.0208973	-0.0545652	-0.119514	-0.000183763	-0.00107328	0.000183979	1106.763221	943.0224573	978.4388939	-0.02586795	0.0861878	-0.0835719	-0.000108347	0.0	-0.000137009
0.0215354	-0.0703525	-0.0100827	-0.00102863	0.000469038	-0.00035291	1126.989301	941.2822997	977.524418	0.0424327	-0.0157873	0.1094313	-0.000844867	0.001542318	-0.000536889
0.0150461	0.0246595	0.050037	-0.000463546	-3.52e-05	2.12e-05	1114.046056	945.9122854	977.14722	-0.0064893	0.095012	0.0601197	0.000565084	-0.000504216	0.000374111
-0.00951856	-0.033049	-0.0433733	-0.000253772	-3.52e-05	-4.33e-05	1109.322069	943.7719896	973.4102674	-0.02456466	-0.0577085	-0.0934103	0.000209774	0.0	-6.45e-05
-0.0142894	-0.0223508	-0.0391084	0.000197345	-3.52e-05	0.000141186	1116.352038	943.1891375	969.6322291	-0.00477084	0.0106982	0.0042649	0.000451117	0.0	0.000184514
-0.00192803	0.00656859	0.0418606	-0.000606168	-3.52e-05	3.63e-05	1105.803414	938.6307163	969.0390739	0.01236137	0.02891939	0.080969	-0.000803513	0.0	-0.00010487
0.0487088	0.0615663	0.22337	-0.000340691	0.00190804	0.000279942	1095.803757	943.3399015	976.2454688	0.05063683	0.05499771	0.1815094	0.000265477	0.001943218	0.000243626
0.00367262	-0.0830032	-0.112342	0.00159521	0.000436131	0.000306673	1101.315437	945.9811775	979.9049269	-0.04503618	-0.1445695	-0.335712	0.001935901	-0.001471909	2.67e-05
0.0206608	-0.0504292	-0.0630789	0.0028333	-0.000607068	-0.000199332	1109.872395	942.3676004	978.6655922	0.01698818	0.032574	0.0492631	0.00123809	-0.001043199	-0.000506005
0.0953385	0.17679	0.596809	0.00295692	-0.00163431	-0.000199332	1106.61857	938.741161	979.9976076	0.0746777	0.2272192	0.6598879	0.00012362	-0.001027242	0.0
-0.00928403	-0.135325	0.0487815	-0.000136678	-0.000749528	-0.000199332	1099.724551	943.1572463	982.5268138	-0.10462253	-0.312115	-0.5480275	-0.003093598	0.000884782	0.0
0.00677864	-0.18094	-0.141145	0.000780839	-0.000262749	0.00020286	1112.92746	941.9288755	978.2974673	0.01606267	-0.045615	-0.1899265	0.000917517	0.000486779	0.000402192
0.0257941	0.0952476	0.422195	-0.00170086	-0.00113797	-0.000199332	1124.537852	941.3490775	981.4588334	0.01901546	0.2761876	0.56334	-0.002481699	-0.000875221	-0.000402192
0.00511381	-0.0289338	0.20275	-0.000590621	-0.00125943	3.05e-05	1110.97522	951.3768173	980.5803222	-0.02068029	-0.1241814	-0.219445	0.001110239	-0.00012146	0.000229856
-0.00545978	-0.0809285	-0.255017	0.00284817	-0.00146035	0.000401743	1118.541647	941.9362464	971.3264571	-0.01057359	-0.0519947	-0.457767	0.003438791	-0.00020092	0.000371219
0.0199339	-0.0386241	-0.294462	0.00181998	-0.000297952	0.000376222	1142.499007	942.6613169	964.5070169	0.02539368	0.0423044	-0.039445	-0.00102819	0.001162398	-2.55e-05
0.0516624	0.090119	-0.0201839	0.00120382	-0.000118312	0.000253811	1125.195306	941.8051869	967.5818966	0.0317285	0.1287431	0.2742781	-0.00061616	0.00017964	-0.000122411
0.0629919	-0.0588398	-0.255478	0.00283221	-0.000293672	-0.000199332	1091.965076	943.4336077	968.4401426	0.0113295	-0.1489588	-0.2352941	0.00162839	-0.00017536	-0.000453143
0.04612	-0.0786799	-0.258445	0.00195827	-0.000758961	0.000307124	1111.374641	938.6872454	967.3272781	-0.0168719	-0.0198401	-0.002967	-0.00087394	-0.000465289	0.000506456
0.0873615	-0.0216067	0.0401324	0.0017685	-0.00129281	0.000577468	1100.485599	940.5982238	972.5652402	0.0412415	0.0570732	0.2985774	-0.00018977	-0.000533849	0.000270344
0.0395398	-0.139745	-0.0925857	0.00216427	-0.000852451	0.000173621	1103.383235	943.8915964	973.5222915	-0.0478217	-0.1181383	-0.1327181	0.00039577	0.000440359	-0.000403847
0.0397083	-0.131334	-0.164173	0.00255353	-4.18e-05	-0.000199332	1094.308308	941.4194086	971.572913	0.0001685	0.008411	-0.0715873	0.00038926	0.000810633	-0.000372953
0.0282288	-0.116669	-0.152843	0.002827	-0.000261304	-0.000199332	1104.449082	939.9663308	969.4577153	-0.0114795	0.014665	0.01133	0.00027347	-0.000219486	0.0
0.0558387	-0.0305251	0.11128	8.91e-05	0.000591041	0.000485076	1094.169911	939.8436406	973.0514974	0.0276099	0.0861439	0.264123	-0.002737918	0.000852345	0.000684408
0.107696	-0.026478	0.397851	-0.00116659	0.000597867	-0.000199332	1099.39093	941.4281008	977.0337309	0.0518573	0.0040471	0.286571	-0.001255672	6.83e-06	-0.000684408
0.0656082	-0.113656	-0.00694411	0.00208922	-0.000501245	-0.000199332	1093.847438	945.5027502	979.2520878	-0.0420878	-0.087178	-0.40479511	0.00325581	-0.001099112	0.0
0.0301259	-0.0701536	-0.0294015	0.000208116	-0.00084761	0.00010967	1102.867441	939.7250322	975.4009121	-0.0354823	0.0435024	-0.02245739	-0.001881104	-0.000346365	0.000309002
0.0399032	-0.0206356	0.00450316	0.00142658	-0.00171107	-0.000307509	1096.916914	940.7456107	974.3886182	0.0097773	0.049518	0.03390466	0.001218464	-0.00086346	-0.000417179
0.0385147	0.0197443	-0.124806	0.0020636	-0.00107092	-6.64e-06	1105.128831	940.7356557	974.3425162	-0.0013885	0.0403799	-0.12930916	0.00063702	0.00064015	0.000300867
0.0388875	0.104272	0.0581083	0.000229553	-0.00108278	3.57e-05	1104.253858	939.5211749	976.9846436	0.0003728	0.0845277	0.1829143	-0.001834047	-1.19e-05	4.23e-05
0.0475701	-0.0638982	0.13043	-0.000319135	-0.000266503	-0.000199332	1108.010969	945.0574181	982.7988145	0.0086826	-0.1681702	0.0723217	-0.000548688	0.000816277	-0.000234983
-0.0134363	-0.0491961	-0.133483	0.000639109	-0.000931097	-0.000199332	1104.785694	948.7867551	985.8969814	-0.0610064	0.0147021	-0.263913	0.000958244	-0.000664594	0.0
0.025549	-0.0248082	-0.130776	-8.83e-05	-0.000654029	-0.000199332	1113.24232	942.1674432	983.0676647	0.0389853	0.0243879	0.002707	-0.000727417	0.000277068	0.0
0.023932	-0.07613	-0.209628	0.00121738	4.86e-05	0.000285689	1115.648633	945.6593579	981.0217425	-0.001617	-0.0513218	-0.078852	0.001305688	0.000702634	0.000485021
0.00611254	-0.0474126	-0.224024	0.00134867	4.86e-05	0.000414676	1111.416241	938.4143785	979.0822653	-0.01781946	0.0287174	-0.014396	0.00013129	0.0	0.000128987
0.019128	-0.055168	-0.125843	0.00126564	4.86e-05	0.000194884	1106.176189	945.3719256	982.3544088	0.01301546	-0.0077554	0.098181	-8.3e-05	0.0	-0.000219792
0.0167382	-0.077963	-0.186762	0.00231455	4.86e-05	0.000369318	1109.46237	941.3965033	980.539297	-0.0023898	-0.022795	-0.060919	0.00104891	0.0	0.000174434
0.0573849	0.007415	0.0218008	0.000965241	-0.000375017	0.000422561	1110.08638	943.8090786	984.9570939	0.0406467	0.085378	0.2085628	-0.001349309	-0.000423622	5.32e-05
0.0205411	-0.117185	-0.334158	0.00329757	-0.000375017	0.000351814	1109.935747	941.92867	983.0192365	-0.0368438	-0.1246	-0.3559588	0.002332329	0.0	-7.07e-05
0.0426967	-0.0501747	-0.141598	0.00166064	-0.000375017	0.000351814	1108.609692	941.1034034	980.0140866	0.0221556	0.0670103	0.19256	-0.00163693	0.0	0.0
0.0289738	-0.0296488	-0.060435	0.0011137	-0.000375017	0.000351814	1101.675976	941.1340025	979.730818	-0.0137229	0.0205259	0.081163	-0.00054694	0.0	0.0
0.00842139	-0.0372414	-0.0715246	0.001051	-0.000297402	-0.000113446	1112.365444	943.5297513	980.0821277	-0.02055241	-0.0075926	-0.0110896	-6.27e-05	7.76e-05	-0.00046526
-0.00950935	-0.0287858	-0.147304	0.00135414	-0.000776283	-5.67e-05	1120.481652	942.265055	981.507606	-0.01793074	0.0084556	-0.0757794	0.00030314	-0.000478881	5.67e-05
0.0366268	7.04e-05	0.00522112	0.000733175	-0.000666068	-5.67e-05	1111.055159	946.1919651	981.3070696	0.04613615	0.028856236	0.15252512	-0.000620965	0.000110215	0.0
0.0150573	-0.0369689	0.0192115	7.76e-05	0.00022265	-5.67e-05	1111.982609	942.9588217	977.4494608	-0.0215695	-0.037039336	0.01399038	-0.000655595	0.000888718	0.0
0.0437894	0.00184135	0.191491	-0.000169466	-2.62e-05	-5.67e-05	1112.936977	945.1717097	980.8359608	0.0287321	0.03881025	0.1722795	-0.000247046	-0.00024886	0.0
-0.00286018	-0.103893	-0.0964164	0.00108071	0.000269909	-5.67e-05	1109.370468	945.530354	981.4750284	-0.04664958	-0.10573435	-0.2879074	0.001250176	0.000296119	-1e-10
0.0028664	-0.0436365	-0.0224242	-3.09e-05	0.000470222	-5.67e-05	1113.83914	940.6542831	980.4863867	0.00572658	0.0602565	0.0739922	-0.001111645	0.000200313	1e-10
0.00582131	-0.0868827	-0.0916451	0.00129681	-0.000247114	-5.67e-05	1107.883176	943.3048681	981.7450986	0.00295491	-0.0432462	-0.0692209	0.001327745	-0.000717336	-1e-10
0.0154902	-0.0534956	-0.0871372	0.00193483	-0.000167927	0.000322949	1112.662086	941.8599541	979.169371	0.00966889	0.0333871	0.0045079	0.00063802	7.92e-05	0.000379657
0.0285659	0.187493	0.0773691	-0.00028863	-0.000852485	0.000756435	1105.510035	946.008194	982.9976715	0.0130757	0.2409886	0.1645063	-0.00222346	-0.000684558	0.000433486
0.0165157	-0.146228	-0.148355	0.00167019	-0.000494879	0.000452718	1114.268742	949.1771145	984.2649171	-0.0120502	-0.333721	-0.2257241	0.00195882	0.000357606	-0.000303717
0.0136282	-0.136568	-0.103402	0.000753712	0.000325154	4.14e-05	1099.924398	943.82244	983.8223251	-0.0028875	0.00966	0.044953	-0.000916478	0.000820033	-0.000411365
0.00804594	-0.0885346	-0.0909646	0.000645997	0.000428495	-1.02e-05	1118.107423	941.953396	979.0439814	-0.00558226	0.0480334	0.0124374	-0.000107715	0.000103341	-5.16e-05
-0.0908957	0.052205	0.158219	-0.0044109	-0.00278927	-0.0010365	1144.293546	942.9982012	984.1591365	-0.09894164	0.1407396	0.2491836	-0.005056897	-0.003217765	-0.001026266
-0.020528	-0.058114	-0.424447	0.00259239	-0.00198255	-0.000424908	1122.403167	947.1978313	975.993075	0.0703677	-0.110319	-0.582666	0.00700329	0.00080672	0.000611592
-0.01145	0.0145406	-0.252251	0.000950118	-0.00159506	-3.87e-05	1121.064877	943.5698062	970.0485598	0.009078	0.0726546	0.172196	-0.001642272	0.00038749	0.000386247
-0.0542268	-0.0209305	-0.210862	0.000533707	-0.000651786	-0.000499552	1122.551081	942.7550231	970.3343729	-0.0427768	-0.0354711	0.041389	-0.000416411	0.000943274	-0.000460891
-0.0314637	0.00521455	-0.177789	0.000218805	-0.000723422	-0.000204597	1116.423004	941.4917071	971.0209716	0.0227631	0.02614505	0.033073	-0.000314902	-7.16e-05	0.000294955
-0.0241734	-0.0637579	-0.201413	0.000533707	-0.00108803	0.00015041	1108.56211	943.1190414	972.2276712	0.0072903	-0.06897245	-0.023624	0.000314902	-0.000364608	0.000355007
-0.00573783	-0.120174	-0.207107	0.00164049	-0.000429256	-0.000244094	1109.218476	942.04813	973.2735372	0.01843557	-0.0564161	-0.005694	0.001106783	0.000658774	-0.000394504
-0.0119437	-0.19011	-0.26263	0.00239165	-0.000833831	-1.2e-05	1101.052238	940.9055661	975.176256	-0.00620587	-0.069936	-0.055523	0.00075116	-0.000404575	0.000232077
0.00935915	-0.0634306	-0.218681	0.00216702	-0.000704871	0.000233822	1109.590163	942.6213501	975.8796597	0.02130285	0.1266794	0.043949	-0.00022463	0.00012896	0.000245839
0.0538182	-0.0422711	0.0398104	0.000778569	0.000312808	0.00087966	1107.886982	941.9660233	979.4691267	0.04445905	0.0211595	0.2584914	-0.001388451	0.001017679	0.000645838
0.0962714	0.108464	0.181319	0.00106859	-0.000554658	0.000589081	1110.664982	946.8523135	984.7366739	0.0424532	0.1507351	0.1415086	0.000290021	-0.000867466	-0.000290579
