global_signal	global_signal_derivative1	global_signal_derivative1_power2	global_signal_power2	csf	csf_derivative1	csf_power2	csf_derivative1_power2	white_matter	white_matter_derivative1	white_matter_derivative1_power2	white_matter_power2	csf_wm	tcompcor	std_dvars	dvars	framewise_displacement	rmsd	t_comp_cor_00	t_comp_cor_01	t_comp_cor_02	t_comp_cor_03	a_comp_cor_00	a_comp_cor_01	a_comp_cor_02	a_comp_cor_03	a_comp_cor_04	a_comp_cor_05	a_comp_cor_06	a_comp_cor_07	a_comp_cor_08	a_comp_cor_09	a_comp_cor_10	a_comp_cor_11	a_comp_cor_12	a_comp_cor_13	a_comp_cor_14	a_comp_cor_15	a_comp_cor_16	a_comp_cor_17	a_comp_cor_18	a_comp_cor_19	a_comp_cor_20	a_comp_cor_21	a_comp_cor_22	a_comp_cor_23	a_comp_cor_24	a_comp_cor_25	a_comp_cor_26	a_comp_cor_27	a_comp_cor_28	a_comp_cor_29	a_comp_cor_30	a_comp_cor_31	a_comp_cor_32	a_comp_cor_33	a_comp_cor_34	a_comp_cor_35	a_comp_cor_36	a_comp_cor_37	a_comp_cor_38	a_comp_cor_39	a_comp_cor_40	a_comp_cor_41	a_comp_cor_42	a_comp_cor_43	a_comp_cor_44	cosine00	trans_x	trans_x_derivative1	trans_x_power2	trans_x_derivative1_power2	trans_y	trans_y_derivative1	trans_y_derivative1_power2	trans_y_power2	trans_z	trans_z_derivative1	trans_z_derivative1_power2	trans_z_power2	rot_x	rot_x_derivative1	rot_x_derivative1_power2	rot_x_power2	rot_y	rot_y_derivative1	rot_y_derivative1_power2	rot_y_power2	rot_z	rot_z_derivative1	rot_z_derivative1_power2	rot_z_power2	motion_outlier00	motion_outlier01	motion_outlier02	motion_outlier03	motion_outlier04	motion_outlier05	motion_outlier06	motion_outlier07	aroma_motion_02	aroma_motion_03	aroma_motion_04	aroma_motion_05	aroma_motion_06	aroma_motion_09	aroma_motion_10	aroma_motion_14	aroma_motion_17	aroma_motion_20	aroma_motion_23	aroma_motion_29
979.6362665	n/a	n/a	959687.2146	1136.579264	n/a	1291812.423	n/a	938.49236	n/a	n/a	880767.9097	947.1427848	904.8454216	n/a	n/a	n/a	n/a	-0.078285567	0.229587655	-0.109442881	0.08581087	-0.172706711	0.003273327	0.184078122	-0.014033393	0.079623695	-0.064470368	0.019445978	-0.005230665	0.023902291	-0.027418989	0.283187004	-0.122550795	0.13302084	-0.082231913	-0.02888927	0.027747229	-0.176038482	0.04117203	-0.10257844	0.079006977	-0.101952515	0.028014657	-0.092530994	0.01563003	0.042040431	-0.061808064	-0.025243478	0.042663938	-0.011037091	0.013048269	-0.289312579	0.086116304	-0.145144282	0.065996562	0.038550724	-0.061058878	0.131127631	-0.033244802	0.070048038	-0.037049899	0.052116749	-0.142857889	0.057837331	-0.061713205	0.142741104	0.158083405	0.0317621	n/a	0.001008831	n/a	-0.0789396	n/a	n/a	0.00623146	-0.0759859	n/a	n/a	0.005773857	0.000777259	n/a	n/a	6.04E-07	-0.00117693	n/a	n/a	1.39E-06	0	n/a	n/a	0	0	0	0	0	0	0	0	0	1.23131698	-0.373287763	2.542392875	0.332244051	1.151773691	0.522678017	-1.292199416	-0.037933744	0.615892728	0.198949736	0.126346896	-0.397298284
976.5749118	-3.061354708	9.371892649	953698.5583	1132.573861	-4.005402373	1282723.551	16.04324817	940.8348745	2.342514572	5.487374519	885170.2611	949.2725449	899.0897799	0	18.414371	0	0.0479976	-0.115958745	0.271626007	-0.018821714	0.129320622	-0.224185217	0.015941349	0.161088217	-0.007814583	0.21124707	0.085555661	0.134206485	0.039929136	-0.017714879	0.033710456	0.199013405	-0.190143907	0.060293499	-0.104222582	-0.018161394	0.093269397	-0.182111747	-0.001700531	-0.046705311	0.031331785	0.055586231	-0.006590818	-0.050222334	0.121130585	-0.144028256	0.087421819	-0.140637295	-0.003551166	0.008197266	-0.032571479	-0.226695896	0.177577479	-0.07414151	0.094611615	-0.002383589	-0.132847943	0.114579516	-0.016971063	0.023235727	-0.040197553	-0.111147559	-0.042740454	-0.026583644	-0.056136282	0.111608701	0.157839652	0.0199589	-0.0118032	0.000398358	0.000139316	-0.0970462	-0.0181066	0.000327849	0.009417965	-0.106484	-0.0304981	0.000930134	0.011338842	0.00122139	0.000444131	1.97E-07	1.49E-06	-0.00118576	-8.83E-06	7.80E-11	1.41E-06	0.000108043	0.000108043	1.17E-08	1.17E-08	0	0	0	0	0	0	0	0	1.290605615	-0.617061722	0.349553265	0.309928775	1.747317703	-0.055819838	-0.358153261	-0.46781932	0.809673985	-0.045692037	-0.475075646	-0.195035439
971.8821019	-4.692809894	22.0224647	944554.82	1144.43087	11.85700877	1309722.016	140.5886571	940.2800502	-0.554824369	0.30783008	884126.5727	949.5120286	899.8597257	0	24.194357	1.5	0.0602057	-0.235001743	0.074391428	0.044331708	0.125506023	-0.103512104	-0.20528037	0.009574699	0.099197177	0.139697161	0.09981986	0.223528839	0.117725378	-0.029966095	-0.070200975	0.053682235	0.107092529	0.055631142	0.085025786	0.172664241	-0.1326202	0.120612677	0.098657308	0.016973938	-0.03384881	-0.219423129	-0.012626306	-0.023707973	-0.039541304	-0.197268533	0.098266033	-0.220485129	-0.114683482	-0.014151869	0.054878824	-0.023053523	-0.103979942	-0.093657424	-0.095041256	-0.164471254	0.154444618	-0.054144238	-0.051660005	-0.01149684	0.046848002	0.207240376	-0.056759471	-0.033886649	0.023552074	0.194057805	0.157352521	0.019955	-3.90E-06	0.000398202	1.52E-11	-0.0536604	0.0433858	0.001882328	0.002879439	-0.144462	-0.037978	0.001442328	0.020869269	0.00144595	0.00022456	5.04E-08	2.09E-06	-0.00115246	3.33E-05	1.11E-09	1.33E-06	-2.12E-22	-0.000108043	1.17E-08	4.48E-44	0	0	0	0	0	0	0	0	1.348971027	0.369774205	-0.405493745	0.042265242	-0.558689753	1.529200288	0.263635362	-1.13701978	0.904806981	0.708037722	-2.053387741	-0.991332927
970.9955339	-0.886567935	0.786002703	942832.3269	1142.510219	-1.920651013	1305329.601	3.688900313	938.8580661	-1.421984014	2.022038537	881454.4684	948.1127038	902.0595484	0	23.20142	1.5	0.174324	-0.188610756	-0.054293594	-0.153899638	0.027919397	0.100048767	-0.163002034	0.012357545	0.155583289	0.020849613	-0.067594825	-0.001192885	0.255749264	-0.182916395	-0.044719231	-0.0409475	0.008697421	0.165962764	-0.046170432	-0.007388858	-0.064184161	-0.021717922	0.076882518	-0.004139155	-0.057520055	0.060203424	-0.14296597	0.012562732	-0.081391606	-0.038627692	-0.073882152	-0.003831268	-0.277827513	0.094224072	-0.02064804	0.030501365	-0.006637599	-0.195866774	0.0565546	0.004715445	0.064642169	0.032521996	-0.075917529	-0.018830912	0.044571348	-0.048221124	0.020891725	0.038213888	0.135779974	0.104409625	0.156622765	0.0720375	0.0520825	0.005189401	0.002712587	0.00922869	0.06288909	0.003955038	8.52E-05	-0.00203703	0.14242497	0.020284872	4.15E-06	0.00091741	-0.00052854	2.79E-07	8.42E-07	-0.000665683	0.000486777	2.37E-07	4.43E-07	0	2.12E-22	4.48E-44	0	0	0	0	0	0	0	0	0	1.054795568	1.259556318	0.829423974	-1.152544085	-1.355711761	1.203008922	-0.524684769	0.155284755	0.384330534	0.427363434	-0.434314584	-0.559239164
971.7807814	0.785247458	0.61661357	944357.8871	1132.693377	-9.816842288	1282994.286	96.3703925	939.7083022	0.850236067	0.72290137	883051.6933	948.3671031	903.4313117	0	25.273186	1.5	0.052702	0.085284153	-0.068772242	-0.098884883	0.089733303	0.144574766	-0.012591561	-0.066116901	-0.022532331	0.142871335	0.033216805	-0.142455496	0.203094805	-0.011159632	0.234848693	-0.18506487	-0.18888026	0.079451211	-0.202792234	0.194450996	0.213247084	-0.009197007	0.056866998	0.045793613	-0.000325354	0.10435723	-0.066202338	0.052789285	0.002928481	-0.013088512	0.030801214	0.128054175	-0.144232483	-0.06552408	-0.259247607	0.126917992	0.209329355	-0.066087557	0.237195482	-0.188199267	-0.202752461	-0.089302512	-0.075050309	-0.060196731	-0.021714475	-0.067315044	0.082163495	-0.006953038	0.063249411	-0.000445642	0.155651507	0.0432621	-0.0287754	0.001871609	0.000828024	-0.026635	-0.03586369	0.001286204	0.000709423	-0.0207066	-0.01866957	0.000348553	0.000428763	0.000870629	-4.68E-05	2.19E-09	7.58E-07	-0.000265092	0.000400591	1.60E-07	7.03E-08	0	0	0	0	0	0	0	0	0	0	0	0	-1.030662085	0.88874501	0.923225816	1.294820651	1.719892031	0.012726294	0.795627855	0.178400439	1.019008043	0.120460308	1.447370002	-1.706664906
968.3452958	-3.435485645	11.80256162	937692.6118	1130.315206	-2.378171186	1277612.464	5.65569819	936.315562	-3.392740257	11.51068645	876686.8316	945.2280915	888.6363759	0	27.475691	1.5	0.0806103	0.06107956	0.041569703	0.142505416	0.166206962	0.036688838	0.050521521	-0.130794647	-0.000454982	0.153249435	-0.093009624	0.073772885	-0.113401412	0.107050471	-0.087814675	-0.068637291	0.021699707	0.212349753	-0.145843381	0.220453761	-0.105837236	0.095257554	0.302722023	0.025231951	-0.068839666	-0.160167257	-0.03074963	-0.233379879	-0.058566289	0.100052336	-0.090341417	-0.052798013	0.129750959	-0.083881823	0.119818018	0.077043325	-0.024702049	-0.182704238	0.151396099	-0.182022094	0.154020573	-0.070021231	-0.290185212	0.001119091	0.108270452	0.084817374	-0.129257156	0.197785638	-0.071815748	-0.113917554	0.154440246	0.0188177	-0.0244444	0.000354106	0.000597529	-0.0337966	-0.0071616	5.13E-05	0.00114221	-0.0885771	-0.0678705	0.004606405	0.007845903	0.00107051	0.000199881	4.00E-08	1.15E-06	-0.000793694	-0.000528602	2.79E-07	6.30E-07	-5.55E-05	-5.55E-05	3.08E-09	3.08E-09	0	0	0	0	0	0	0	0	-0.731317743	-1.38361853	-1.685563676	1.520368268	0.366694734	4.111407042	-0.719182855	-0.545327691	1.302312427	0.764414701	-0.682230036	-0.765736716
969.2941538	0.948858078	0.900331653	939531.1567	1116.633485	-13.68172061	1246870.34	187.1894788	937.1042679	0.788705973	0.622057112	878164.409	945.6121515	875.4183702	0	23.109943	1.5	0.104703	0.056746687	0.129379592	0.094046841	-0.066095952	-0.138947757	0.108044054	-0.139012221	-0.067439868	-0.12325047	-0.072839603	-0.044225909	-0.079844792	0.108318497	0.107452518	0.081943164	0.109226555	-0.073481926	-0.182440432	-0.057465597	-0.199352817	0.091487596	0.202345645	-0.139892186	0.20122175	0.11598089	-0.035277681	0.013693562	-0.010179385	-0.062610119	-0.067940419	0.041768599	0.131115631	-0.07855279	-0.082012384	-0.082599559	-0.090638771	0.099407045	0.142359177	0.030720216	0.258294168	-0.014774719	-0.198928742	0.12060374	-0.245950084	-0.009053856	0.059595439	-0.026675591	0.050758769	0.005733239	0.15299085	0.0297081	0.0108904	0.000882571	0.000118601	0.0280331	0.0618297	0.003822912	0.000785855	-0.0221999	0.0663772	0.004405933	0.000492836	0.000456166	-0.000614344	3.77E-07	2.08E-07	-0.00100581	-0.000212116	4.50E-08	1.01E-06	0.000207851	0.000263356	6.94E-08	4.32E-08	0	0	0	0	0	0	0	0	0.588860973	-2.494677944	0.268363124	0.964462224	-0.563286876	1.218757805	0.339285462	-1.080982191	-0.367138023	0.366982274	0.958669548	1.525419969
971.7192746	2.42512072	5.881210504	944238.3485	1123.944937	7.311452482	1263252.222	53.4573374	940.1479118	3.043643831	9.263767773	883878.096	948.3574947	881.5856824	0	23.778854	1.5	0.226376	-0.0998385	0.124591211	0.081953358	0.061102509	-0.13736963	-0.01620916	0.122031006	-0.198554334	-0.065363556	0.099976732	-0.051871298	0.097903979	0.232214432	0.277133378	0.384094181	0.286955967	-0.083512387	-0.125040369	-0.124231628	-0.009759207	0.170412811	0.008809594	-0.014943539	0.033719275	-0.015648338	0.011208797	0.282276302	0.095426592	0.005081168	0.099998028	0.022531125	0.01063384	-0.223952466	-0.286949854	-0.384057102	-0.301213031	0.133634272	0.077789654	0.120823132	0.091343273	-0.151794564	-0.002740234	0.0060938	-0.005770443	0.013279535	0.013380343	-0.282586005	0.097090983	-0.027375268	0.151305552	0.0242338	-0.0054743	0.000587277	3.00E-05	-0.148254	-0.1762871	0.031077142	0.021979249	-0.118267	-0.0960671	0.009228888	0.013987083	0.00188616	0.001429994	2.04E-06	3.56E-06	-0.000622623	0.000383187	1.47E-07	3.88E-07	0.000163569	-4.43E-05	1.96E-09	2.68E-08	0	0	0	0	0	0	0	0	0.914824664	-1.002677915	0.293057016	-0.152521078	0.287313205	-1.165675161	2.906462791	-0.00792112	0.754315452	-0.42698091	-0.293979846	0.277625381
971.4751142	-0.244160376	0.059614289	943763.8975	1130.263618	6.318680392	1277495.846	39.9257219	937.5224484	-2.625463344	6.89305777	878948.3413	946.4345839	896.1585835	0	22.705435	1.5	0.122607	-0.080316976	0.104025773	0.104310654	0.118900511	-0.163364793	-0.04552684	-0.006748735	0.05327731	0.06777	-0.106264824	0.143291761	-0.009691114	-0.031763671	-0.060135105	0.182348611	-0.184872787	0.238494243	0.147115939	0.118166274	-0.210026142	0.111946346	-0.015597323	0.089792837	0.140167738	-0.200037252	0.074748725	0.172091589	0.154660386	0.244750526	-0.104756824	-0.129694775	0.034496749	0.018404294	0.058770284	-0.158017016	0.162994349	-0.273952006	-0.168904722	-0.089925247	0.204498681	-0.019487511	0.02881641	-0.113554949	-0.076752536	0.168096686	-0.135301949	-0.21328139	-0.064477102	-0.210940685	0.149386953	0.0136697	-0.0105641	0.000186861	0.0001116	-0.0338787	0.1143753	0.013081709	0.001147766	-0.103192	0.015075	0.000227256	0.010648589	0.00134772	-0.00053844	2.90E-07	1.82E-06	-0.000379613	0.00024301	5.91E-08	1.44E-07	0	-0.000163569	2.68E-08	0	0	0	0	0	0	0	0	0	1.043953187	-0.479679681	0.794553853	0.592442684	-1.277796631	3.139937	-1.607500711	-0.843415673	1.469635541	0.237062731	0.505898358	1.210075027
969.7936775	-1.681436725	2.827229459	940499.7768	1129.723931	-0.539687061	1276276.16	0.291262124	940.9937993	3.471350836	12.05027663	885469.3302	949.3453038	891.4642025	0	22.081427	1.5	0.0764291	0.052720675	0.094006046	0.121372884	0.006395496	-0.186878621	0.027986246	-0.09756655	-0.094645129	0.083355832	0.168915433	0.049383292	-0.057140739	0.053381612	0.17198049	0.112602524	-0.042810135	0.053101976	0.308292212	0.139103927	-0.000572114	0.01885485	-0.021437553	0.065037399	0.075988559	0.088069634	-0.060282084	0.008347803	-0.163676187	0.021657193	0.172298333	-0.045309966	0.119799014	-0.055087088	-0.15185421	-0.070244045	0.041798284	-0.084006768	-0.324646777	-0.120282807	-0.003094588	-0.026562821	-0.006564578	-0.084830933	-0.095325686	-0.01606136	0.061158056	0.13189566	0.124971405	-0.043585473	0.147238009	0.0127422	-0.0009275	0.000162364	8.60E-07	-0.0403973	-0.0065186	4.25E-05	0.001631942	-0.0342392	0.0689528	0.004754489	0.001172323	0.00113228	-0.00021544	4.64E-08	1.28E-06	0.000112499	0.000492112	2.42E-07	1.27E-08	0	0	0	0	0	0	0	0	0	0	0	0	0.844105695	-1.418773375	-0.197421074	1.382493167	0.60031499	0.116774108	0.363931656	-1.369834208	0.755827189	0.709907322	2.044539575	-1.213236496
966.0661709	-3.727506526	13.8943049	933283.8466	1131.574553	1.850622415	1280460.969	3.424803322	939.5405458	-1.453253406	2.111945463	882736.4373	948.2256727	880.9431304	0	21.357155	1.5	0.0305883	-0.058722613	0.041729182	0.147897643	-0.141185237	-0.105667315	-0.140069689	-0.014701479	-0.024329997	0.04455019	0.09996585	0.173156399	-0.040315014	-0.099537799	0.138780459	-0.122121202	0.044234978	0.022532982	0.146221674	0.047596195	0.23041608	-0.036830076	0.014474969	-0.022451773	0.027993242	0.152836521	0.066567888	0.033807363	0.118203747	0.020093351	0.099461266	-0.183388146	0.014199775	0.088274608	-0.122096706	0.144672636	-0.020852734	-0.019017659	-0.111799446	-0.022933958	-0.223454331	-0.05419403	-0.033038791	0.051746099	-0.068930568	-0.091022381	0.143657194	-0.120938583	-0.077200514	-0.018342679	0.144862036	0.00156146	-0.01118074	2.44E-06	0.000125009	-0.0223678	0.0180295	0.000325063	0.000500318	-0.0305059	0.0037333	1.39E-05	0.00093061	0.000892205	-0.000240075	5.76E-08	7.96E-07	0.00036202	0.000249521	6.23E-08	1.31E-07	-0.00017885	-0.00017885	3.20E-08	3.20E-08	0	0	0	0	0	0	0	0	1.085641432	-0.00692415	-1.384626847	0.126380131	-0.581384785	-1.254018661	0.00225038	-1.950217926	0.244596638	0.005812011	0.452837773	-0.04605593
964.6573174	-1.408853546	1.984868315	930563.74	1129.668608	-1.905945007	1276151.164	3.632626371	937.5998934	-1.940652448	3.766131924	879093.5601	946.1756906	875.3295092	0	21.281498	0	0.0362206	-0.129054839	-0.13352927	0.021187233	-0.195206014	0.030997696	-0.136398138	0.041194989	0.03989251	-0.151851915	-0.070368546	0.005142812	0.12866788	-0.055046678	0.010882824	-0.064074546	0.187664922	-0.037975009	0.099351858	-0.163012859	0.131120629	0.073977591	-0.005605605	-0.004234029	0.022255247	-0.089067395	0.003525111	0.048333681	-0.20411635	-0.008401372	-0.073749015	-0.020160018	-0.141319257	0.024437347	-0.044723446	0.060363473	-0.181805211	0.034114412	-0.07475513	0.162981973	-0.108775654	-0.094383347	0.014968829	0.004656112	-0.030517362	0.131236481	0.080986535	0.077768743	0.130066468	0.047622422	0.142262695	0.0122875	0.01072604	0.000150983	0.000115048	-0.0413483	-0.0189805	0.000360259	0.001709682	-0.00642286	0.02408304	0.000579993	4.13E-05	0.00073897	-0.000153235	2.35E-08	5.46E-07	0.00036202	0	0	1.31E-07	0	0.00017885	3.20E-08	0	0	0	0	0	0	0	0	0	1.313522011	0.809751369	-0.976805118	-0.968503014	-0.838792888	0.371417197	-0.303773662	-0.06858807	0.269843894	0.137331505	1.157098119	1.247323862
964.4128031	-0.244514275	0.059787231	930092.0548	1130.460632	0.792023443	1277941.24	0.627301134	935.9120187	-1.687874717	2.848921059	875931.3067	944.3712057	881.6253947	0	22.829302	0	0.0450876	0.048170186	-0.17185952	0.004952877	0.070260857	0.186819974	0.005761153	-0.004495214	-0.088330674	0.05111834	-0.140827477	-0.055793045	-0.048387196	0.117605968	-0.076396304	-0.130920228	-0.009756496	-0.034272143	-0.028844234	0.024755398	0.102507333	0.048697175	-0.067027719	0.011732083	-0.045723686	-0.063384614	-0.002896067	-0.060903627	0.063474618	0.080326234	-0.142016976	0.06660162	0.046884669	-0.092841607	0.091383208	0.111715689	0.005443075	0.058458638	0.049902155	0.003353743	-0.102189012	-0.079403311	0.060432318	0.00841803	0.066604652	0.036760985	-0.07191575	0.029896676	-0.07355255	-0.142244859	0.139443996	-5.37E-05	-0.01234123	2.89E-09	0.000152306	-0.0485665	-0.0072182	5.21E-05	0.002358705	-0.00763632	-0.00121346	1.47E-06	5.83E-05	0.000993176	0.000254206	6.46E-08	9.86E-07	-0.000418714	-0.000780734	6.10E-07	1.75E-07	0	0	0	0	0	0	0	0	0	0	0	0	-0.677058642	0.933789931	-0.847986155	1.058760645	-0.929408984	0.362361452	-0.480072416	1.282080368	0.945582269	-0.021354477	-0.318732433	-0.81193271
967.4109357	2.998132631	8.988799271	935883.9186	1126.737211	-3.723420552	1269536.743	13.86386061	936.6869616	0.774942958	0.600536587	877382.4641	945.2558469	892.9504629	0	25.091053	0	0.217816	0.189687823	-0.01166522	-0.092013789	-0.031793395	0.048305645	0.074955283	-0.114107151	0.006651208	-0.031707445	-0.090107973	-0.190737722	-0.091327927	-0.042843379	0.109047638	-0.073309345	0.08292678	-0.126550385	-0.127821903	0.008461571	-0.050471206	-0.041200961	-0.081766261	-0.13075553	0.130713037	0.024572857	0.035319735	-0.157163613	-0.017288532	-0.004062435	-0.087614788	0.179291232	0.094861476	0.069778495	-0.107250611	0.075195205	-0.068520871	0.127585769	0.117449641	-0.044060879	0.046593062	0.037440919	0.098966141	0.112966571	-0.164123325	0.008132949	-0.020015681	0.103368626	-0.093947367	0.163432792	0.136410284	0.0127839	0.01283763	0.000163428	0.000164805	0.0701382	0.1187047	0.014090806	0.004919367	0.120527	0.12816332	0.016425837	0.014526758	-0.00088755	-0.001880726	3.54E-06	7.88E-07	-0.000418714	0	0	1.75E-07	0	0	0	0	0	0	0	0	0	0	0	0	-1.553853427	-0.130609618	0.795526454	1.229512849	1.186426264	-0.043204502	0.075877791	0.375182897	0.926433037	0.073620353	0.656694128	-1.058680445
970.4111918	3.000256024	9.001536211	941697.8811	1121.026612	-5.710598733	1256700.666	32.61093789	941.7323621	5.045400482	25.45606603	886859.8419	949.3647133	873.106331	0	28.662912	0	0.277874	-0.067167025	-0.099071738	-0.115109492	-0.01491798	0.175634482	0.069262152	0.120530934	-0.076279697	-0.165036348	0.125371172	-0.036947595	0.145916359	-0.14624763	0.050987608	0.035795297	-0.148915323	-0.239752111	-0.058627965	0.067428565	0.049652936	0.193798086	-0.065949418	-0.001531534	0.107886082	0.148113106	0.033480692	-0.077767496	0.009325342	-0.005550517	0.121383134	0.032657195	-0.192883683	0.103342432	-0.052853588	-0.036445477	0.172598544	0.236511139	0.005966406	-0.102858283	0.054286081	-0.219690315	0.044914634	-0.031972197	-0.167732382	-0.166925133	0.067514124	0.028066529	-0.039590273	0.016260473	0.133166237	-0.0123568	-0.0251407	0.000152691	0.000632055	-0.104592	-0.1747302	0.030530643	0.010939486	-0.0183191	-0.1388461	0.019278239	0.000335589	0.00153729	0.00242484	5.88E-06	2.36E-06	-0.000418714	0	0	1.75E-07	-2.12E-22	-2.12E-22	4.48E-44	4.48E-44	1	0	0	0	0	0	0	0	-0.405590719	0.207070248	-1.383324665	-1.471142235	0.48459165	0.596125278	1.152815311	-0.420703873	-0.499139042	0.376394492	-0.068277535	-0.544923227
968.8426519	-1.568539821	2.460317169	938656.0842	1132.709483	11.68287099	1283030.774	136.4894747	939.5629388	-2.169423356	4.706397697	882778.5159	948.3635294	888.453385	0	23.064516	1.5	0.121466	0.055428845	-0.091390566	-0.072968385	0.07823314	0.087497528	0.054535909	0.088740216	0.069356435	0.198733757	-0.003436259	-0.097337851	0.045354369	-0.053896584	-0.16792304	0.046448444	-0.111689986	-0.01229127	0.111499574	-0.062627888	-0.148492463	0.140145974	-0.242840938	-0.06144509	-0.000990336	0.082389376	0.138503481	-0.160875791	0.152842349	0.077189064	-0.006577156	0.110738707	-0.087029161	0.04711126	0.151204018	-0.040263168	0.100423016	-0.020613333	-0.108501907	0.056203347	0.152499925	-0.064070114	0.286329995	0.077682264	-0.049581888	-0.076904405	0.084974963	0.002981293	-0.264993371	-0.094463263	0.129716858	-5.31E-05	0.012303744	2.81E-09	0.000151382	-0.0569842	0.0476078	0.002266503	0.003247199	0.0382383	0.0565574	0.003198739	0.001462168	-1.13E-05	-0.001548569	2.40E-06	1.27E-10	-0.000589004	-0.00017029	2.90E-08	3.47E-07	0	2.12E-22	4.48E-44	0	0	0	0	0	0	0	0	0	-0.763478804	0.76727364	0.868226635	0.997639261	-1.515812032	0.731535162	-0.47337166	1.149894533	-0.140038908	1.674046954	0.442466767	-0.60647169
968.4752176	-0.367434383	0.135008026	937944.247	1133.135957	0.426474161	1283997.098	0.18188021	941.385978	1.823039186	3.323471873	886207.5595	949.9129944	893.5281778	0	24.628889	1.5	0.106442	0.091237528	0.066663517	0.084175429	-0.031983219	-0.117672501	0.03715169	-0.057136149	0.029101079	0.191526374	0.200221644	0.129337447	-0.124823374	-0.012576462	0.003178147	-0.087366889	-0.104721625	0.072860375	0.036671402	0.082440683	0.139824662	-0.120763878	0.027317288	0.151342966	-0.108538566	-0.030897954	0.129422241	-0.092397036	0.156686772	-0.143354956	0.204743302	-0.121497741	0.124607532	0.028695252	0.023667053	0.097331996	0.10933141	-0.071264293	-0.018334007	-0.082443133	-0.182489681	0.074129563	-0.05253059	-0.10274745	0.12236959	-0.038098169	-0.01107676	-0.034051674	-0.204570855	0.030985994	0.126067465	0.0288322	0.028885256	0.000831296	0.000834358	-0.0778891	-0.0209049	0.000437015	0.006066712	-0.0259209	-0.0641592	0.004116403	0.000671893	0.000446813	0.000458092	2.10E-07	2.00E-07	0.000705168	0.001294172	1.67E-06	4.97E-07	-0.000173953	-0.000173953	3.03E-08	3.03E-08	0	0	0	0	0	0	0	0	-0.86094382	-0.412839781	-1.162284625	1.358441342	1.540286975	-0.129286955	0.686299901	-2.018604322	0.851782957	0.45000249	0.821070431	0.005096008
962.3169767	-6.158240869	37.9239306	926053.9636	1131.614236	-1.521721433	1280550.779	2.31563612	937.6042644	-3.781713563	14.30135747	879101.7566	946.483525	872.9227503	0	27.350954	1.5	0.0846172	-0.131232965	-0.034824335	0.109365572	-0.204663749	-0.030048694	-0.187388868	-0.086358378	0.114949686	-0.135768168	-0.026990654	0.115898582	-0.02351064	-0.109797552	-0.026879685	-0.197371778	0.164370126	0.088400644	0.047728929	-0.073126517	-0.003503448	-0.021949109	-0.119987464	-0.104331816	-0.25277252	-0.086079828	0.000544471	0.258715271	0.100582096	0.020639943	-0.029430805	-0.122560813	-0.029771672	0.099361856	0.015032103	0.226311667	-0.147638526	-0.068928859	-0.019969378	0.093521184	-0.009520677	0.038250408	0.124025122	0.102866851	0.223135123	0.007592989	0.024771176	-0.275722762	0.101671937	-0.02876456	0.122223684	0.0348271	0.0059949	0.001212927	3.59E-05	-0.0127735	0.0651156	0.004240041	0.000163162	0.0251491	0.05107	0.002608145	0.000632477	0.000353424	-9.34E-05	8.72E-09	1.25E-07	0.000697852	-7.32E-06	5.35E-11	4.87E-07	-0.000408526	-0.000234573	5.50E-08	1.67E-07	0	0	0	0	0	0	0	0	1.161243289	0.032137562	-0.615669517	-0.53972565	-1.769638592	-1.070022924	0.19279912	-1.381672102	0.01512713	0.497514314	-0.236607131	0.82475136
962.1998747	-0.11710201	0.013712881	925828.5988	1126.076375	-5.537861525	1268048.001	30.66791027	939.0013674	1.397102992	1.951896772	881723.5679	947.6697519	884.355828	0	27.669838	1.5	0.0654451	0.079532576	-0.17856431	-0.028915858	-0.18267158	0.145968276	-0.069991649	-0.121227419	0.009301028	-0.204703624	0.059677306	-0.177816317	0.011029651	-0.023236649	0.086556027	-0.198976805	0.176274045	0.030982528	-0.004633691	-0.023122021	0.127787518	-0.01995873	-0.116791548	-0.012824386	0.037491699	-0.047002737	-0.033206678	-0.131749522	-0.006743182	0.009317569	0.058245274	0.166216179	-0.016490264	0.017431206	-0.114789215	0.202643971	-0.165311697	-0.004370707	0.059806535	0.021827241	-0.139548617	-0.014568434	0.114981682	0.003812299	-0.042239062	-0.016668055	-0.089899785	0.099337492	-0.026867649	0.002195354	0.118191444	0.0208131	-0.014014	0.000433185	0.000196392	-0.0107867	0.0019868	3.95E-06	0.000116353	0.0676164	0.0424673	0.001803472	0.004571978	-0.000134774	-0.000488198	2.38E-07	1.82E-08	0.000154044	-0.000543808	2.96E-07	2.37E-08	0	0.000408526	1.67E-07	0	0	0	0	0	0	0	0	0	-0.653282332	0.765817426	-0.305605168	0.597259896	1.040445517	-0.671328885	1.951110917	0.337534142	0.692501482	-0.824109976	1.591013528	-1.073914713
960.2579337	-1.94194094	3.771134613	922095.2993	1118.847556	-7.228818737	1251819.853	52.25582033	935.7055062	-3.29586118	10.86270091	875544.7943	944.1595842	860.3535484	0	25.411507	1.5	0.0989401	0.145001378	-0.061374416	0.153750501	-0.08775519	0.053878868	0.08131378	-0.091458804	-0.155651236	-0.11051641	-0.116188706	-0.009715185	-0.17386789	0.111672399	-0.006210386	-0.136133256	0.108673684	-0.048403449	0.012825562	-0.048503496	0.063404653	-0.043492179	0.051445928	-0.11713225	-0.012519469	0.065745723	-0.092290145	0.013720782	-0.203606397	0.199475887	-0.113161616	0.010406666	0.171694862	-0.058067597	0.043114455	0.127223273	-0.103041949	0.087791083	0.019405647	0.071416196	-0.08389466	0.018937995	-0.063126473	0.147889193	0.020673794	-0.051172531	0.030263762	0.189197014	0.147391279	-0.247494838	0.113976961	0.00135536	-0.01945774	1.84E-06	0.000378604	-0.0337259	-0.0229392	0.000526207	0.001137436	-0.0264234	-0.0940398	0.008843484	0.000698196	-0.000130374	4.40E-06	1.94E-11	1.70E-08	5.20E-05	-0.000102065	1.04E-08	2.70E-09	0	0	0	0	0	0	0	0	0	0	0	0	-0.824202347	-1.401736847	-1.068357444	1.182406027	-0.417933535	-0.264777539	-0.062976441	0.183862728	0.03094067	-0.595751383	-0.617692052	0.585914855
964.1190843	3.861150558	14.90848363	929525.6087	1116.62905	-2.218505983	1246860.435	4.921768795	936.749747	1.044240791	1.090438829	877500.0885	944.8761738	856.5157725	0	21.733425	1.5	0.0505208	0.037362507	0.043155184	0.100630001	-0.31417526	-0.079753276	0.037389495	0.108239065	-0.088636959	-0.270516562	-0.076919091	0.121288018	-0.169282113	-0.035586313	-0.002499566	-0.018807619	0.051230094	-0.110951593	-0.127993024	-0.156479686	-0.124009722	-0.113849481	0.098620821	-0.160964265	0.027175987	0.104027023	0.086839029	-0.099247092	-0.046975321	0.167040456	-0.072671464	-0.127002524	0.141374426	0.081770434	0.035656254	0.019997872	-0.039791854	0.144036376	0.1234478	0.134487468	0.10458678	0.137697914	-0.097904033	0.169828504	-0.067007393	-0.067439238	0.019858947	0.12721066	-0.118921281	-0.074477634	0.109586734	-0.00230154	-0.0036569	5.30E-06	1.34E-05	-0.00905312	0.02467278	0.000608746	8.20E-05	-0.00563785	0.02078555	0.000432039	3.18E-05	-0.000757673	-0.000627299	3.94E-07	5.74E-07	0.000154044	0.000102065	1.04E-08	2.37E-08	0	0	0	0	0	0	0	0	0	0	0	0	0.339916968	-1.256320456	-0.72697927	-0.552215564	0.191416254	-1.219450738	-0.445992209	-1.353075914	-1.489534335	-1.752546381	-0.207110784	0.43065717
966.9027974	2.783713134	7.749058814	934901.0197	1118.370428	1.741377802	1250752.413	3.03239665	938.0089957	1.259248683	1.585707245	879860.876	946.1049433	868.673697	0	24.383987	1.5	0.111267	-0.153408115	-0.049974342	-0.017178693	-0.076537016	0.055076056	-0.043209208	0.177384228	-0.057994259	-0.150881973	-0.050206461	0.048610536	0.069504005	-0.072045348	0.008047141	0.053647092	0.010167477	-0.251592928	0.019461106	-0.05315483	0.021040766	-0.018124107	-0.047351275	0.079457866	-0.068804512	-0.113383466	0.0977423	0.068068214	-0.006167111	0.248045763	-0.050673231	-0.063373999	-0.097702505	0.064228439	-0.022779384	-0.06729913	-0.01185819	0.243757742	-0.031007322	0.042792911	-0.039800396	0.027035538	0.058824887	-0.061438286	0.116219609	0.179538398	0.015180847	-0.026022101	-0.060364245	-0.175701816	0.105027532	0.00216522	0.00446676	4.69E-06	2.00E-05	-0.0706537	-0.06160058	0.003794631	0.004991945	-0.0249239	-0.01928605	0.000371952	0.000621201	0.00082682	0.001584493	2.51E-06	6.84E-07	0.000154044	0	0	2.37E-08	0	0	0	0	0	0	0	0	0	0	0	0	1.088563447	0.640198111	0.044725463	-1.354583595	-0.554774809	-0.763806582	0.147300974	0.128213052	0.128623795	-0.773046733	-2.249366304	0.075149705
969.0987678	2.195970377	4.822285896	939152.4218	1126.579413	8.208985679	1269181.174	67.38744588	939.9686787	1.959683067	3.840357724	883541.117	948.0349587	884.1171613	0	21.431385	1.5	0.11934	-0.072713689	-0.049326502	-0.193526405	-0.133629087	0.108531972	-0.040585976	0.150002902	0.060551637	-0.042282901	0.052849574	-0.137820926	0.128512988	-0.069701387	0.021177371	0.085854901	0.10823787	-0.098514379	0.079434936	-0.051621243	-0.117820316	-0.089779447	-0.017039611	0.159890243	0.049387425	-0.172746099	-0.057272598	-0.118430578	-0.134102158	-0.06498273	0.050470374	0.13101632	-0.131069672	0.046920409	-0.060275807	-0.086965914	-0.112416759	0.067576803	-0.096070402	0.026660189	0.071483318	0.130923877	0.004494422	-0.158805645	-0.0055765	0.151007563	-0.090098029	0.200082338	0.040464817	0.059081723	0.100306386	0.0392495	0.03708428	0.001540523	0.001375244	0.00153028	0.07218398	0.005210527	2.34E-06	0.0292626	0.0541865	0.002936177	0.0008563	-0.000206501	-0.001033321	1.07E-06	4.26E-08	0.000154044	0	0	2.37E-08	0	0	0	0	0	0	0	0	0	0	0	0	0.749747265	0.957918897	0.492835265	-1.459654291	1.558249829	-0.526316579	1.185142811	0.431739164	-1.234709811	-0.4264388	-0.050340406	-1.654837401
969.0070584	-0.091709368	0.008410608	938974.6793	1130.040227	3.46081331	1276990.914	11.97722877	940.5534276	0.584748841	0.341931207	884640.7501	948.6091977	877.4560018	0	19.337126	1.5	0.104184	-0.065009466	-0.117279806	-0.151003975	-0.012674228	0.163735111	0.003543548	0.175496575	0.048721381	-0.054147282	0.077711009	0.006765658	0.094311347	-0.130402768	-0.102099461	-0.021456076	0.024792193	-0.104993367	0.081207832	-0.215380716	-0.040115628	-0.035878005	0.144342323	0.119403736	-0.060315519	0.117836013	-0.007920634	-0.125808782	0.183866956	0.03075857	0.073497914	0.001594219	-0.156295983	0.106229892	0.085862508	0.017715667	-0.015513333	0.09480396	-0.082735608	0.17034571	0.035441954	0.073548461	-0.165120199	-0.088199622	0.076401494	-0.180913705	-0.026228371	0.036833645	-0.212206393	-0.145262842	0.095430574	0.0288999	-0.0103496	0.000835204	0.000107114	-0.0889984	-0.09052868	0.008195442	0.007920715	0.0218593	-0.0074033	5.48E-05	0.000477829	0.000526317	0.000732818	5.37E-07	2.77E-07	0.000410184	0.00025614	6.56E-08	1.68E-07	-0.000273858	-0.000273858	7.50E-08	7.50E-08	0	0	0	0	0	0	0	0	-0.184902923	1.371652493	-0.559531047	-1.584205231	-0.280596834	0.482979399	-0.141435193	0.582653743	-1.262175477	-0.798899695	-0.265682136	-0.02098421
968.8030695	-0.203988915	0.041611478	938579.3875	1130.514554	0.474327037	1278063.156	0.224986138	938.9102715	-1.643156123	2.699962046	881552.4979	947.4777968	893.3364188	0	21.372404	0	0.0998698	0.153523221	-0.002996954	-0.079012766	-0.035172255	0.071592624	0.105054887	0.041087899	0.079256872	0.123466232	-0.006981082	-0.179201159	-0.031809862	-0.039573836	-0.091195757	-0.05925775	0.030630025	0.062074941	-0.061732444	-0.054037574	0.009003209	0.062563908	-0.073796784	0.019251943	-0.04664543	-0.089519269	0.014030836	-0.052703471	0.046619155	-0.110786416	-0.007988708	0.182198557	-0.00549333	0.058258685	0.074391017	0.053721411	-0.036915677	-0.049822388	0.079920926	0.062083774	0.016084389	-0.056388489	0.082055132	0.00152909	0.043600883	0.063420294	-0.031171815	0.02170115	-0.048975084	0.054777693	0.090407615	0.0396691	0.0107692	0.001573637	0.000115976	-0.0387574	0.050241	0.002524158	0.001502136	0.0589119	0.0370526	0.001372895	0.003470612	-0.000710853	-0.00123717	1.53E-06	5.05E-07	0.000475011	6.48E-05	4.20E-09	2.26E-07	0	0.000273858	7.50E-08	0	0	0	0	0	0	0	0	0	-0.898278443	-0.21461806	0.05256908	0.837895737	0.463716452	-0.206887488	0.019308928	1.04165345	0.102203776	0.0034702	0.943766187	-0.617184923
967.6951811	-1.10788846	1.22741684	936433.9635	1128.960386	-1.554168017	1274551.552	2.415438225	936.9567974	-1.95347402	3.816060745	877888.0403	945.5708715	878.7953661	0	21.267242	0	0.100626	0.038842603	0.092251066	0.060735628	-0.022288393	-0.099260722	0.044878949	0.04557639	0.058776711	-0.035714364	-0.061483089	0.070884196	-0.157209526	-0.004285184	-0.077349021	-0.013883756	0.059542828	0.004196635	-0.064199016	-0.224737846	0.20010585	-0.115777341	0.099259428	0.100731257	-0.108712774	-0.042322789	-0.20894337	0.068435641	0.266536663	-0.044765642	-0.059458234	-0.073891098	0.130298491	0.053520112	0.093949534	0.006983743	-0.070308981	0.016554917	0.079386758	0.221687714	-0.200698153	0.053295113	-0.108793446	-0.077346366	0.165830331	-0.112549673	-0.138221979	-0.161777361	0.005228467	0.006281243	0.085245254	0.0435885	0.0039194	0.001899957	1.54E-05	-0.0887847	-0.0500273	0.002502731	0.007882723	0.00559133	-0.05332057	0.002843083	3.13E-05	0.000299504	0.001010357	1.02E-06	8.97E-08	0.000370796	-0.000104215	1.09E-08	1.37E-07	0.000364689	0.000364689	1.33E-07	1.33E-07	0	0	0	0	0	0	0	0	0.041707292	-0.510571562	-0.9513451	0.51355841	-0.896123724	-0.074670803	-0.760060641	0.587348913	-0.260130402	-1.16290742	-0.188490695	0.357142973
971.1656429	3.470461869	12.04410559	943162.706	1118.685323	-10.27506275	1251456.852	105.5769145	937.3567094	0.39991199	0.159929599	878637.6007	945.5636598	891.5474803	0	23.140503	0	0.206275	0.057665196	0.190819294	-0.125159104	-0.144840559	-0.152538393	0.052375454	-0.028229401	0.110253528	-0.249663971	-0.037625127	-0.081606073	-0.192367699	-0.145471326	0.032355114	-0.062662856	0.077222995	0.099992367	-0.244581358	-0.055373363	-0.022502816	-0.034830087	-0.139629332	-0.101300976	0.068458901	-0.077143742	0.031322375	0.112941123	0.089973212	-0.156119628	-0.034111409	0.069205931	0.155447158	0.195595867	-0.035990155	0.064321219	-0.067451586	-0.057353733	0.247634613	0.063827242	0.021552996	0.042698301	0.124062838	0.0683199	-0.046173037	0.039164019	-0.11651206	-0.186896236	0.035506903	0.185623043	0.079951451	0.0542321	0.0106436	0.002941121	0.000113286	0.0555151	0.1442998	0.020822432	0.003081926	0.130049	0.12445767	0.015489712	0.016912742	-0.000562088	-0.000861592	7.42E-07	3.16E-07	-5.97E-05	-0.000430453	1.85E-07	3.56E-09	0	-0.000364689	1.33E-07	0	0	0	0	0	0	0	0	0	0.764521522	-0.978977456	0.365419188	-0.482171535	0.882249288	-0.664893702	0.077879088	-0.330770175	0.541766869	-0.426101272	1.464704836	0.66523734
974.5475231	3.381880181	11.43711356	949742.8748	1123.948439	5.263115992	1263260.093	27.70038995	942.3644522	5.00774272	25.07748715	888050.7607	950.4568886	882.23138	0	26.209358	0	0.267309	0.093681184	0.101975672	0.00426588	0.098932024	-0.020660532	0.145466337	0.034867247	-0.132430204	-0.077534367	0.226714001	-0.007247923	-0.176341653	0.09048453	-0.036145044	0.031548033	-0.217405633	-0.15298741	-0.250632422	-0.163524503	-0.148427358	0.221365363	-0.166822741	0.007588851	-0.300358356	0.007709308	0.032892825	-0.048792253	-0.236683657	-0.171558127	0.229265346	0.024936258	0.154295424	-0.037724897	0.090866931	-0.045941654	0.207315839	0.182776512	0.196895497	0.126836085	0.261492979	-0.155415783	0.206060877	-0.005650892	0.271753591	-0.000647679	0.118627372	0.174573273	0.09022265	0.147763204	0.074534368	0.0524952	-0.0017369	0.002755746	3.02E-06	-0.100301	-0.1558161	0.024278657	0.010060291	-0.0152356	-0.1452846	0.021107615	0.000232124	0.00181738	0.002379468	5.66E-06	3.30E-06	-5.09E-06	5.46E-05	2.98E-09	2.59E-11	-5.91E-05	-5.91E-05	3.49E-09	3.49E-09	0	0	0	0	0	0	0	0	-0.12618495	-1.61036849	-1.589871547	1.135773275	0.245216201	0.551149316	1.211384236	0.340334934	-1.017931954	0.642736301	1.554951718	0.095230138
971.3862352	-3.161287901	9.993741194	943591.218	1126.626099	2.677660157	1269286.367	7.169863914	938.7224758	-3.641976365	13.26399185	881199.8865	947.6327732	895.5629391	0	26.799551	0	0.0947176	-0.055268544	0.096421112	0.008910647	-0.001837248	-0.12771911	0.007825648	0.071152426	0.086866601	0.083748261	-0.010928615	0.121001327	-0.032978321	-0.048207694	-0.041875427	0.149511194	0.032399896	0.159631299	0.006339547	0.002437829	0.054082782	-0.168051253	-0.08439502	-0.230215027	-0.20629168	0.094783174	-0.002183335	-0.073692166	-0.258666509	-0.020328332	-0.009297162	-0.125236792	0.022736846	0.060740677	0.040822502	-0.135590546	-0.047179285	-0.15819696	0.005954093	-0.003623308	-0.078988906	0.119955293	0.092480179	0.256530472	0.146617348	-0.100402813	0.141243533	0.206533408	0.142132821	0.05320651	0.06900236	0.0324169	-0.0200783	0.001050855	0.000403138	-0.0781808	0.0221202	0.000489303	0.006112237	-0.0672709	-0.0520353	0.002707672	0.004525374	0.000249366	-0.001568014	2.46E-06	6.22E-08	0.000370796	0.000375888	1.41E-07	1.37E-07	-0.000143492	-8.44E-05	7.12E-09	2.06E-08	0	0	0	0	0	0	0	0	0.273968063	-0.021158956	0.385789368	0.178787499	-1.338925644	-1.154100898	-0.755996585	-0.8755626	1.241430751	0.827647445	-0.931276547	2.130817195
969.4578887	-1.928346502	3.718520232	939848.598	1134.805439	8.179340239	1287783.385	66.90160675	938.6490432	-0.073432637	0.005392352	881062.0262	947.5450345	882.6844142	0	26.496975	0	0.175165	-0.218738426	-0.016328762	0.099463693	0.066275603	-0.096491453	-0.209016294	0.043646428	-0.093920986	0.054049988	0.025682059	0.320935458	0.077134803	0.012357767	-0.019507992	-0.071586877	-0.126711608	-0.09552913	-0.067203998	-0.036861762	-0.146145783	-0.009485142	-0.017234349	0.248080903	-0.083401151	0.058476392	-0.029868979	0.141813267	-0.134515304	-0.053272718	0.025196271	-0.311842783	-0.079076271	-0.048830101	0.047214181	0.057229943	0.141706387	0.074949981	0.046699092	0.025474074	0.125487973	0.067504187	0.023629814	-0.253243272	0.096988325	0.08943448	0.147330342	0.002228202	0.132885678	0.036165542	0.063363954	0.027031	-0.0053859	0.000730675	2.90E-05	-0.0821926	-0.0040118	1.61E-05	0.006755623	-0.171565	-0.1042941	0.010877259	0.029434549	0.0025261	0.002276734	5.18E-06	6.38E-06	0.000176721	-0.000194075	3.77E-08	3.12E-08	0	0.000143492	2.06E-08	0	0	0	0	0	0	0	0	0	1.304379646	0.75983668	-1.744166763	-0.794304814	-0.429096028	-0.833215088	-1.502670821	-1.729740286	0.509633284	0.149772879	-0.716617665	-1.166025392
965.3372846	-4.120604086	16.97937803	931876.0731	1136.761105	1.955665312	1292225.809	3.824626812	936.5061596	-2.142883599	4.59195012	877043.7869	945.7104188	886.6504489	0	24.734003	0	0.16213	-0.152418974	-0.176759174	-0.025807768	0.014919871	0.113764243	-0.201888985	-0.050728645	0.043245988	-0.016764772	-0.140466522	0.026691277	0.116065056	-0.003952923	-0.100711772	-0.131577147	-0.060976342	0.017204457	0.115589552	-0.092778507	-0.068849911	-0.006256674	-0.039670705	0.107638293	-0.011688632	0.207731361	-0.258152298	0.026869939	-0.014236036	0.077900803	-0.145562882	-0.017960768	-0.146572582	-0.036075816	0.082890326	0.131781046	0.052098702	-0.046225938	-0.122074165	0.092861917	0.05986372	0.015473084	0.014508101	-0.15091959	0.038471083	-0.266456381	-0.092791438	0.047062207	0.166111497	0.068463755	0.057627846	0.0204344	-0.0065966	0.000417565	4.35E-05	0.0281329	0.1103255	0.012171716	0.00079146	-0.0976357	0.0739293	0.005465541	0.00953273	0.00114947	-0.00137663	1.90E-06	1.32E-06	0.000200207	2.35E-05	5.52E-10	4.01E-08	-0.000170335	-0.000170335	2.90E-08	2.90E-08	0	0	0	0	0	0	0	0	0.529640594	1.296888407	0.403321339	-1.307336251	-1.403055099	-0.0408636	-1.411011857	-0.00910195	0.525683881	0.910912215	0.2703096	-1.185810143
963.6123805	-1.724904164	2.975294375	928548.8198	1138.813176	2.052071348	1296895.45	4.210996818	937.8061145	1.299954931	1.689882823	879480.3084	946.9864602	884.5456997	0	25.166267	0	0.0588823	0.067232377	-0.171602343	0.035843938	0.117387719	0.169123012	-0.073088483	-0.200001363	-0.058884994	0.020396264	-0.001052072	-0.031356888	0.051764763	0.168690179	-0.009652149	-0.163308792	0.05468926	-0.00309685	0.055409827	0.14919441	0.066936745	0.006062893	0.035000462	0.18171567	0.040193839	-0.041190519	-0.063726494	0.146234096	0.079119913	0.096771508	-0.003280673	0.037148959	-0.007923146	-0.18973675	0.005080112	0.167314624	-0.055114942	-0.004347268	-0.042707654	-0.118263123	-0.099656671	-0.034153686	-0.050715224	-0.189408995	0.006252111	-0.005058906	-0.072851075	-0.164678377	0.051928308	-0.093686914	0.05180288	-0.00489252	-0.02532692	2.39E-05	0.000641453	-0.0237585	-0.0518914	0.002692717	0.000564466	-0.0950842	0.0025515	6.51E-06	0.009041005	0.00132455	0.00017508	3.07E-08	1.75E-06	0.000286909	8.67E-05	7.52E-09	8.23E-08	-0.000148568	2.18E-05	4.74E-10	2.21E-08	0	0	0	0	0	0	0	0	-1.321375183	1.017267652	-0.684258222	0.690748937	0.516749926	0.845038366	0.364434396	1.446405961	2.082850612	-1.620974402	0.565184355	-0.73252128
965.1817209	1.569340419	2.46282935	931575.7543	1132.672602	-6.140574325	1282947.222	37.70665304	936.4934949	-1.312619595	1.722970202	877020.066	945.4848234	879.8790387	0	19.124413	0	0.120759	0.106346506	-0.143861135	-0.015147306	0.055952342	0.135740015	0.015449721	-0.175935513	-0.054272181	0.044507283	-0.143265013	-0.067923175	0.033238	0.056778531	-0.125089166	-0.13205641	0.020012079	0.110643348	-0.087052544	0.050218542	-0.107624219	-0.036580912	0.026539107	0.085322441	0.193835082	0.212790387	0.135382607	0.27127726	0.089318114	-0.109007614	-0.145423985	0.079126526	-0.037129079	-0.061424012	0.118036733	0.116485588	-0.012328361	-0.096060093	0.110461118	-0.042577519	0.071503877	0.074144775	-0.034964551	-0.098496154	-0.220647956	-0.02500491	0.19184036	-0.297089114	0.034324452	-0.054063544	0.045898038	0.00322124	0.00811376	1.04E-05	6.58E-05	0.028237	0.0519955	0.002703532	0.000797328	-0.038414	0.0566702	0.003211512	0.001475635	-0.000160884	-0.001485434	2.21E-06	2.59E-08	0.000155497	-0.000131412	1.73E-08	2.42E-08	0	0.000148568	2.21E-08	0	0	0	0	0	0	0	0	0	-1.729165975	0.371329121	-0.10078891	0.598599499	-0.921834939	0.85409022	-1.417789292	1.862321341	0.630270666	-0.220359742	0.170719791	0.085425856
967.0198184	1.838097557	3.378602628	935127.3293	1133.767615	1.095013843	1285429.006	1.199055317	938.9558418	2.462346952	6.063152512	881638.0729	947.7800886	873.1674328	0	17.769442	0	0.0747488	0.103959738	-0.106927888	-0.040626308	-0.00149122	0.112423837	0.045394944	-0.027630779	-0.11912759	0.021983351	-0.023217362	-0.084921384	0.110588968	0.08431109	-0.053914601	-0.022624566	-0.080678326	0.044567868	-0.020164818	0.022594627	-0.063663734	-0.159721593	-0.160804343	0.245052071	0.14483796	-0.016108538	0.110312048	-0.154271931	-0.184769434	-0.0914198	-0.026261528	0.093347724	-0.080368106	-0.10792896	0.038443186	-0.003342443	0.069456248	-0.067910225	0.041292689	-0.038276676	-0.033066505	0.172655711	0.148822975	-0.22307247	-0.109744211	0.080926997	-0.001106525	0.214582704	-0.069402758	-0.004836008	0.039922424	-0.0156921	-0.01891334	0.000246242	0.000357714	-0.0320117	-0.0602487	0.003629906	0.001024749	-0.055267	-0.016853	0.000284024	0.003054441	0.000395827	0.000556711	3.10E-07	1.57E-07	7.30E-05	-8.25E-05	6.81E-09	5.33E-09	0	0	0	0	0	0	0	0	0	0	0	0	-1.626346608	0.155233077	0.484937833	0.215925753	1.280050425	0.092377072	-0.294157332	1.270494476	0.328795615	-1.063927784	0.440986077	-0.884059705
965.5651822	-1.454636271	2.115966681	932316.121	1127.395947	-6.371668698	1271021.621	40.59816199	938.944948	-0.010893853	0.000118676	881617.6153	947.5867211	873.3528615	0	19.135462	0	0.0379684	0.150784012	-0.089210925	0.080899774	0.013314705	0.062041562	0.124066656	-0.065977711	-0.024984018	0.075987215	0.003692405	-0.096451409	-0.064311057	0.095070719	-0.09428195	0.011716176	-0.050552086	0.000285792	0.141677358	-0.048642334	-0.143436774	0.057817265	-0.227957479	0.083592398	0.129270622	0.116958183	0.131798802	-0.038917547	0.037131128	-0.004995894	0.00669689	0.104829748	0.073012427	-0.065619137	0.107012184	-0.010781782	0.035609409	-0.007549767	-0.129051656	0.040876219	0.116002549	0.019121654	0.241182245	-0.079904857	-0.154508317	0.007911424	0.134566356	-0.002811728	-0.132565148	-0.078788167	0.033885252	-0.00735045	0.00834165	5.40E-05	6.96E-05	-0.0529532	-0.0209415	0.000438546	0.002804041	-0.0395898	0.0156772	0.000245775	0.001567352	0.000882301	0.000486474	2.37E-07	7.78E-07	-0.000104982	-0.000177979	3.17E-08	1.10E-08	-0.000204712	-0.000204712	4.19E-08	4.19E-08	0	0	0	0	0	0	0	0	-1.422342322	-0.505209091	-1.213414247	1.26531409	-0.453884419	0.046964536	-0.275976204	0.929667304	-0.32829763	0.826706406	0.550701824	-0.950641234
965.3935522	-0.17162997	0.029456847	931984.7106	1121.66644	-5.729506455	1258135.603	32.82724421	936.5490401	-2.395907899	5.740374663	877124.1045	944.9630779	867.1102926	0	18.656847	0	0.0400741	0.0822881	0.027712153	0.145094465	-0.130602046	-0.132536177	0.058666127	-0.02875281	-0.103949319	0.007533486	-0.078316902	0.100054542	-0.182016772	0.027913137	-0.076328329	-0.000247745	0.056914149	0.030001603	0.084603896	-0.112311501	-0.006759989	-0.058662407	-0.075496586	0.012984775	0.077627484	0.057435987	0.134482221	0.080095552	-0.091032138	-0.072695263	-0.074942283	-0.09801242	0.173994877	0.026383327	0.105587665	0.014174122	-0.057988136	-0.019969443	-0.067210008	0.103893592	-0.033920649	0.079871569	0.070248309	0.005936005	-0.126057548	0.018695605	0.144186362	-0.023497304	-0.005904008	-0.042146584	0.027795832	-0.00731326	3.72E-05	5.35E-05	1.38E-09	-0.0239028	0.0290504	0.000843926	0.000571344	-0.0552622	-0.0156724	0.000245624	0.003053911	0.000670704	-0.000211597	4.48E-08	4.50E-07	0.000213169	0.000318151	1.01E-07	4.54E-08	-0.000463014	-0.000258302	6.67E-08	2.14E-07	0	0	0	0	0	0	0	0	-0.266720867	-0.913422403	-0.650665379	0.579212254	-0.940642497	-0.434106941	-1.198094224	-0.850126836	-0.644215078	-0.122642105	0.623536214	0.915903886
964.4661483	-0.927403939	0.860078066	930194.9511	1116.854542	-4.811898393	1247364.068	23.15436614	936.8221037	0.27306361	0.074563735	877635.654	944.9448882	867.2697707	0	20.994066	0	0.0460441	-0.101810405	-0.062276751	0.070059899	-0.183615191	-0.028607065	-0.033591328	0.077795787	-0.008884902	-0.220899708	-0.077878286	0.024122063	-0.014749028	-0.035896532	0.081839631	0.003062842	0.010037363	-0.181791343	0.096776765	0.064391962	0.219838481	0.096870213	-0.037049099	0.093211113	-0.022361231	-0.125337615	0.203227922	0.044783175	-0.167422108	-0.084158258	-0.075930449	-0.042965796	0.001642796	0.0527708	-0.073761955	-0.016964803	-0.011953499	0.191917727	-0.090165756	-0.04023065	-0.206307621	-0.144907833	0.056386762	-0.059765098	0.046145945	0.261136197	0.128004856	0.050853518	-0.015377939	-0.023232153	0.021663553	-0.016659	-0.00934574	0.000277522	8.73E-05	-0.0625676	-0.0386648	0.001494967	0.003914705	-0.0552119	5.03E-05	2.53E-09	0.003048354	0.00107131	0.000400606	1.60E-07	1.15E-06	0.000206367	-6.80E-06	4.63E-11	4.26E-08	-0.000385677	7.73E-05	5.98E-09	1.49E-07	0	0	0	0	0	0	0	0	0.90452267	-0.045661006	-0.864262609	-1.055571037	-0.178217006	-0.914649111	0.008019912	-1.085664054	0.063389117	0.023439166	-0.197237967	-1.303193767
965.8217943	1.355646022	1.837776137	932811.7383	1124.403391	7.548849429	1264282.986	56.9851277	938.269036	1.446932282	2.093613028	880348.7839	946.3058862	866.2963095	0	21.138052	0	0.0657045	-0.053933317	-0.209375578	-0.036639009	0.029367658	0.17873653	0.00167676	0.085724953	-0.099409771	-0.112486004	-0.019758447	-0.073164827	0.10680165	0.093578328	-0.030364416	-0.032748958	-0.000229437	-0.259667081	0.064595102	-0.020915953	0.028444433	-0.14702405	0.092897728	-0.040551324	0.030131748	-0.173730848	0.140818195	-0.00263707	0.215288131	0.123487714	-0.022609692	0.080040928	-0.114430483	-0.099389253	0.033727461	0.005539432	0.008110333	0.26938386	-0.076601282	0.008788386	-0.103000676	0.138339627	-0.10771247	0.050659701	0.015058927	0.087473062	-0.162154055	-0.140635632	-0.201670936	-0.118188554	0.015497871	-0.00734862	0.00931038	5.40E-05	8.67E-05	-0.0530109	0.0095567	9.13E-05	0.002810156	-0.0951064	-0.0398945	0.001591571	0.009045227	0.00186012	0.00078881	6.22E-07	3.46E-06	0.000206367	0	0	4.26E-08	-0.000165431	0.000220246	4.85E-08	2.74E-08	0	0	0	0	0	0	0	0	-0.573116065	1.184858583	-0.043172862	-1.026446771	-0.640033104	1.102809547	0.98593998	1.137985639	-0.041029607	-0.936292759	0.21774453	-0.804911676
967.9609686	2.139174318	4.576066761	936948.4367	1130.890841	6.487449313	1278914.093	42.08699859	937.8145426	-0.45449333	0.206564187	879496.1164	946.2595345	869.0915406	0	19.66032	0	0.116995	0.063250055	-0.155930173	0.015207403	0.160552298	0.147819065	0.048959505	0.068605797	-0.185883101	0.016807379	-0.037689721	-0.009237663	0.04698431	0.177210424	0.023198255	0.002270722	-0.162688655	-0.212785892	0.049931464	0.141009567	0.091110101	-0.114151654	-0.025638647	-0.081789975	0.015184977	-0.118544426	-0.2338113	-0.070543816	0.130363277	0.115150117	-0.03935712	0.029206247	-0.014643837	-0.180293263	0.002264774	-0.02177876	0.165892129	0.202085584	-0.075691698	-0.155083951	-0.136778225	0.072906375	-0.002465477	0.084770831	0.06418063	-0.116078691	-0.353622547	-0.03252496	0.018822636	-0.030129209	0.009308291	0.0428325	0.05018112	0.001834623	0.002518145	-0.131736	-0.0787251	0.006197641	0.017354374	-0.151856	-0.0567496	0.003220517	0.023060245	0.00212402	0.0002639	6.96E-08	4.51E-06	0.000125893	-8.05E-05	6.48E-09	1.58E-08	0.000299991	0.000465422	2.17E-07	9.00E-08	0	0	0	0	0	0	0	0	-2.128577321	0.534562532	0.8030614	-0.184493652	0.101317729	0.582950072	0.488549821	0.413493636	-0.102301556	-0.233028986	0.519298857	-2.034496106
968.2156807	0.254712069	0.064878238	937441.6043	1123.892416	-6.998424649	1263134.163	48.97794757	939.7448616	1.930318979	3.726131359	883120.405	947.9998847	864.5367423	0	20.760254	0	0.091993	-0.057313527	-0.161037605	-0.052957126	0.006890973	0.117637435	0.083487575	0.119609244	0.050163508	-0.006918981	0.040229631	-0.003217863	0.047897839	-0.00813081	-0.141192308	0.044974334	-0.094701251	-0.139658126	0.121882091	0.08521236	0.007114149	0.043407628	0.136317903	-0.300885341	0.045238302	-0.034676654	-0.209897341	0.015978241	-0.089081219	-0.127651151	0.034724418	0.022183251	-0.113989797	0.010668729	0.157494472	-0.04075104	0.09633532	0.11839666	-0.159960344	-0.064808098	0.028336155	-0.050934017	-0.14162642	0.289405198	-0.041313947	-0.053665435	-0.123701553	0.018453058	0.230312537	0.04870195	0.003104359	0.084285	0.0414525	0.007103961	0.00171831	-0.0828486	0.0488874	0.002389978	0.006863891	-0.0960985	0.0557575	0.003108899	0.009234922	0.00177205	-0.00035197	1.24E-07	3.14E-06	-0.000239922	-0.000365815	1.34E-07	5.76E-08	0.000356603	5.66E-05	3.20E-09	1.27E-07	0	0	0	0	0	0	0	0	-0.710535622	0.690147834	-0.070507201	-1.36064344	-1.442230915	1.044267189	0.18954753	0.104112346	-1.586961347	1.236721154	0.611566536	-0.455492277
970.2094796	1.993798929	3.97523417	941306.4343	1123.840595	-0.051821162	1263017.683	0.002685433	937.5929671	-2.151894564	4.630650214	879080.5719	945.8213976	884.4888051	0	21.033445	0	0.0834315	0.051149772	-0.03794549	-0.176317707	0.104058956	0.073090729	0.078316341	0.040207024	0.094764698	0.009183831	-0.034520641	-0.080176642	7.95E-05	-0.075731956	0.00690414	0.039524313	-0.066392343	0.030932798	0.048482725	0.068809829	-0.013602761	0.016386754	-0.058111819	0.029902193	-0.10159647	0.034253471	-0.287311867	0.019161597	-0.002440355	-0.248092041	-0.035285051	0.084291195	-0.00804318	0.072681492	-0.018599724	-0.028618283	0.069374244	-0.043052485	-0.057225565	-0.077832204	0.005961005	-0.009273527	0.046455508	-0.052628743	0.093177052	-0.169601624	-0.096242821	-0.019874776	0.201644333	0.154839219	-0.003104359	0.0791176	-0.0051674	0.006259595	2.67E-05	-0.0678949	0.0149537	0.000223613	0.004609717	-0.0338391	0.0622594	0.003876233	0.001145085	0.00100735	-0.0007647	5.85E-07	1.01E-06	-0.000239922	0	0	5.76E-08	0.000226436	-0.000130167	1.69E-08	5.13E-08	0	0	0	0	0	0	0	0	-1.17278879	0.881033424	1.07181043	-0.637149886	0.453054535	0.556758365	-0.125609526	0.076865646	0.266493031	1.030220007	0.212651079	-1.290266526
974.7987143	4.589234688	21.06107502	950232.5334	1127.235815	3.395219857	1270660.582	11.52751788	941.5004307	3.907463592	15.26827172	886423.0609	949.6165661	892.7869743	0	22.755917	0	0.15539	-0.0214308	0.021728762	-0.301463107	-0.071341667	0.089027451	0.058099283	0.066785622	0.366784561	-0.111905413	0.163408912	-0.051799543	-0.018759462	-0.292995222	-0.101371192	-0.009200954	0.146650766	0.001573888	0.076719449	-0.016184375	-0.163493929	0.15619379	0.092618954	-0.088498215	0.003197498	0.101665951	-0.227780512	0.033924714	0.083147788	0.032729568	0.160224879	0.045210245	-0.103803422	0.292978912	0.075965317	0.049441032	-0.137975181	-0.007487586	-0.086913081	0.016135022	0.213808513	-0.081378348	-0.094443079	0.050979072	-0.00545338	-0.155735391	-0.126659879	-0.047579293	0.106928323	-0.083050179	-0.009308291	0.111309	0.0321914	0.012389693	0.001036286	-0.0491265	0.0187684	0.000352253	0.002413413	0.0844552	0.1182943	0.013993541	0.007132681	-0.000247448	-0.001254798	1.57E-06	6.12E-08	-0.000536345	-0.000296423	8.79E-08	2.88E-07	0.000601127	0.000374691	1.40E-07	3.61E-07	0	0	0	0	0	0	0	0	-0.203184196	0.824353863	-0.881242579	-1.703922757	-0.055468659	1.029644928	1.2736577	-0.578632053	-1.073764076	1.317631731	-0.426929575	0.782260012
972.2228617	-2.575852565	6.635016435	945217.2929	1123.115565	-4.120249274	1261388.573	16.97645408	940.8075951	-0.692835586	0.480021149	885118.9309	949.2968121	893.4430521	0	25.371758	0	0.15978	0.081677926	-0.045318257	-0.114547639	0.10929802	0.140799727	0.088520847	0.055808775	0.123687193	0.15784519	0.103467425	-0.142430893	0.087370506	0.009023542	-0.090900536	-0.002791375	-0.023228638	0.102335128	0.123525288	-0.122548264	0.153668488	-0.001084709	-0.05866628	-0.222925713	-0.093840806	0.105853063	0.104287019	0.115200236	-0.133448617	0.10313012	0.100306529	0.140943682	-0.098317163	-0.023949409	0.058295739	-0.008267914	0.009836073	-0.104117464	-0.077939821	0.134156977	-0.152612656	-0.059687209	0.075429466	0.226704528	0.00843712	-0.014667972	0.235098342	0.035270843	0.058044695	-0.143261233	-0.015497871	0.0768677	-0.0344413	0.005908643	0.001186203	-0.104452	-0.0553255	0.003060911	0.01091022	-0.0304697	-0.1149249	0.013207733	0.000928403	0.000944102	0.00119155	1.42E-06	8.91E-07	-0.000239922	0.000296423	8.79E-08	5.76E-08	0.000361354	-0.000239773	5.75E-08	1.31E-07	0	0	0	0	0	0	0	0	-1.055040123	1.03450334	0.975287019	0.997631941	-0.77415909	0.260440027	1.257808679	1.145990513	-0.621057222	1.743790865	0.389656782	0.761616926
969.7271106	-2.495751081	6.22877346	940370.6691	1128.998901	5.883335941	1274638.519	34.6136418	938.8421288	-1.965466224	3.863057477	881424.5429	947.7615137	886.4160287	0	24.921253	0	0.136407	0.108042271	0.10098632	0.105034947	0.140000276	-0.033677847	0.095006554	-0.184517614	0.094602601	0.119252262	0.086674153	0.015665408	-0.129970849	0.193064006	0.057837246	-0.038711654	0.085604131	0.076858841	0.036535525	0.051135813	0.031846727	0.155304108	0.131190179	-0.050149501	0.054068209	0.09775285	0.224130394	0.007443343	0.043884117	-0.073927753	0.090171625	-0.0062015	0.168973599	-0.154443281	-0.013359708	0.056334418	-0.087102341	-0.045902268	-0.034893987	-0.027153132	0.02608181	-0.161878537	-0.130738393	0.057442564	-0.067415984	0.049302026	0.134932846	-0.042778384	-0.131154918	0.058630332	-0.021663553	0.0454372	-0.0314305	0.002064539	0.000987876	-0.0450158	0.0594362	0.003532662	0.002026422	-0.131092	-0.1006223	0.010124847	0.017185112	0.00183249	0.000888388	7.89E-07	3.36E-06	-0.000400172	-0.00016025	2.57E-08	1.60E-07	0.000337063	-2.43E-05	5.90E-10	1.14E-07	0	0	0	0	0	0	0	0	-0.899691773	-1.440994294	-1.334666938	1.379483233	-0.088581884	0.430270275	1.129474857	-0.026316097	0.7503403	-0.229315017	-0.329809864	0.263138353
969.8593595	0.132248884	0.017489767	940627.1773	1125.711992	-3.286908959	1267227.49	10.8037705	937.2577009	-1.584427946	2.510411916	878451.9979	946.2564102	884.356811	0	19.810366	0	0.0348084	0.080784015	0.087152102	0.007166504	0.205906466	-0.033781872	0.065385784	-0.178753557	-0.043889577	-0.011187306	-0.089708473	-0.10752259	0.07795086	0.135492608	0.010091123	-0.008948269	-0.035722854	0.037978249	-0.033208462	0.108220838	0.089118414	-0.175694552	0.088863656	-0.141308802	-0.074048728	-0.019874596	0.100293884	0.040629391	-0.038321684	-0.118765942	-0.088174349	0.117991059	-0.006648029	-0.154844039	-0.015045375	-0.01214068	0.038381792	-0.049510428	0.038868294	-0.122205989	-0.121978565	0.106397725	-0.088491845	0.116216614	-0.004680502	0.073649491	0.113500298	-0.001200301	0.025289744	0.205336506	-0.027795832	0.0507894	0.0053522	0.002579563	2.86E-05	-0.0582341	-0.0132183	0.000174723	0.00339121	-0.112151	0.018941	0.000358761	0.012577847	0.00153748	-0.00029501	8.70E-08	2.36E-06	-0.000239922	0.00016025	2.57E-08	5.76E-08	0.000614918	0.000277855	7.72E-08	3.78E-07	0	0	0	0	0	0	0	0	-0.932883066	-1.335806352	1.544422017	0.868360213	0.030430027	-0.427397826	-0.212034186	1.643024591	0.778500352	-0.776728726	-0.529240349	-0.619639258
970.1618236	0.302464045	0.091484498	941213.9639	1124.761471	-0.950521503	1265088.366	0.903491127	940.0167372	2.759036324	7.61228144	883631.4663	948.5243908	885.3060124	0	22.092417	0	0.0459197	0.043912185	-0.0285828	-0.087000804	0.206740252	0.063510792	0.130569248	-0.046995981	0.021365863	-0.016115805	0.072900865	-0.003198009	0.056241367	0.041745261	-0.167964124	-0.049713221	-0.039088853	-0.141898829	-0.11982265	0.164290228	0.068190124	0.108959297	0.111800228	-0.023442542	0.152840651	0.089188468	0.12235703	-0.138514628	0.123786207	-0.039893524	0.072468812	0.023264321	-0.057248495	-0.057149498	0.165165962	0.021423031	0.050412964	0.105578163	0.103882082	-0.186282366	-0.021451121	-0.128270309	-0.118584344	0.004286541	-0.144057299	-0.029838	-0.01706142	-0.058312977	-0.194951324	0.211356317	-0.033885252	0.0267665	-0.0240229	0.000716446	0.0005771	-0.0820491	-0.023815	0.000567154	0.006732055	-0.133021	-0.02087	0.000435557	0.017694586	0.00171123	0.00017375	3.02E-08	2.93E-06	-0.000239922	0	0	5.76E-08	0.000355495	-0.000259423	6.73E-08	1.26E-07	0	0	0	0	0	0	0	0	-1.852217623	0.184853933	-1.609962474	-0.403006762	0.574030208	1.102664214	0.902111982	0.576495142	1.225820882	-0.426341865	0.400245643	0.875635885
969.7561445	-0.40567906	0.1645755	940426.9798	1130.376831	5.61535984	1277751.779	31.53226613	937.5496158	-2.467121418	6.086688093	878999.2821	946.4988043	882.0007737	0	21.541094	0	0.0963392	0.098329745	-0.045304399	-0.021790056	0.232017839	0.087562743	0.083765054	-0.086944737	0.013877265	0.214662225	-0.088225443	-0.03660119	0.017000734	0.057385489	-0.141254336	-0.037574254	-0.164455469	0.000600725	0.04470903	0.037640288	-0.030443337	0.072396924	-0.059708972	-0.074232702	-0.033754704	0.174092575	0.002678172	0.019211756	-0.029413805	-8.38E-05	-0.089453433	0.057367913	-0.019967888	-0.055663673	0.148130761	0.023035108	0.161315766	-0.032494821	-0.035435284	-0.025993614	0.038997617	-0.049673447	0.085262453	0.099713382	0.003082467	-0.077128697	0.12318956	-0.044966493	0.004614382	0.075368763	-0.039922424	0.0515818	0.0248153	0.002660682	0.000615799	-0.0523597	0.0296894	0.00088146	0.002741538	-0.0574885	0.0755325	0.005705159	0.003304928	0.00129121	-0.00042002	1.76E-07	1.67E-06	-3.61E-05	0.000203842	4.16E-08	1.30E-09	0.000744029	0.000388534	1.51E-07	5.54E-07	0	0	0	0	0	0	0	0	-1.804205887	-0.028360123	1.022530033	1.126633623	-2.065004459	0.834362756	-1.213790949	1.67416229	0.365575507	0.803154516	-0.144556799	1.594687085
971.7993155	2.043170976	4.174547635	944393.9096	1124.626082	-5.750748463	1264783.825	33.07110788	938.2448274	0.695211611	0.483319185	880303.3562	946.7666641	894.2426837	0	27.356491	0	0.10726	0.201932681	0.138535477	-0.075002387	-0.049592229	-0.067822515	0.160956351	-0.139513827	0.038705111	0.070526715	0.036976593	-0.146649213	-0.096183492	-0.047239668	0.172847869	-0.019332074	-0.005644373	0.067783792	0.022062025	0.198712682	-0.129865231	-0.033705863	0.081898201	0.140939109	-0.077911891	-0.079223786	0.05022207	0.118023807	-0.07827584	0.071749486	0.040701605	0.13871822	0.117580342	0.058069317	-0.165868679	0.034719999	0.015883811	-0.069068293	-0.017179626	-0.171501832	0.095214421	0.071998321	-0.077154251	-0.106302689	0.093927194	0.149638903	0.08311109	-0.020738182	0.06267942	-0.061239688	-0.045898038	0.0859338	0.034352	0.007384618	0.00118006	-0.0426762	0.0096835	9.38E-05	0.001821258	0.0244772	0.0819657	0.006718376	0.000599133	0.000726035	-0.000565175	3.19E-07	5.27E-07	0.000692512	0.000728592	5.31E-07	4.80E-07	0.000807361	6.33E-05	4.01E-09	6.52E-07	0	0	0	0	0	0	0	0	-0.853368984	-1.032049132	0.231532707	1.143983134	2.190925104	-0.564845743	0.740214394	-0.581984895	0.44666523	1.737336269	1.711348845	-0.317350646
973.7869086	1.987593115	3.95052639	948260.9434	1131.635245	7.009162368	1280598.327	49.1283571	939.4878922	1.243064811	1.545210125	882637.4996	947.9817591	877.536016	0	21.946796	0	0.101991	0.113242365	0.132942113	0.02384926	0.079564933	-0.039774496	0.188825928	0.008491886	0.084572462	0.040659791	0.071642816	-0.067556994	-0.166957208	0.048999769	-0.10667694	0.072893842	-0.050090998	-0.048440843	-0.051915986	-0.029463163	-0.02064885	0.216202279	0.215435888	0.143221977	-0.261383932	-0.114295808	-0.027343144	0.012313621	-0.012694061	0.204552422	0.072774108	0.079268668	0.15461562	0.005025591	0.133949376	-0.070866547	0.029705284	0.047184867	0.018717249	0.056065449	0.103254915	-0.188484779	-0.191857691	-0.108261551	0.312200147	0.0759223	-0.004439139	0.001449222	-0.024740744	-0.052786376	-0.05180288	0.0707524	-0.0151814	0.005005902	0.000230475	-0.0987187	-0.0560425	0.003140762	0.009745382	-0.0441981	-0.0686753	0.004716297	0.001953472	0.00114668	0.000420645	1.77E-07	1.31E-06	0.000293678	-0.000398834	1.59E-07	8.62E-08	0.000421201	-0.00038616	1.49E-07	1.77E-07	0	0	0	0	0	0	0	0	-0.097961377	-1.937116228	-0.687925645	1.068101316	-0.160736728	0.789927331	0.065608456	1.1249921	-0.341360873	-0.421840023	-0.678131524	1.065444811
972.3600581	-1.426850486	2.035902311	945484.0826	1124.573327	-7.061917245	1264665.169	49.87067517	936.0153758	-3.472516434	12.05837038	876124.7837	944.9557164	886.563082	0	18.841602	0	0.0393525	0.047876412	0.197132704	-0.027885527	0.014709492	-0.162018625	0.112334865	-0.006784492	0.110702321	0.082624334	-0.163173148	-0.030035954	-0.101938819	-0.038898571	-0.023782518	0.24600288	-0.012776805	0.151358612	0.010549953	-0.007733773	0.187433875	-0.078746349	0.088520155	0.087240043	0.022316754	0.070533767	0.064694666	0.053341237	-0.006550846	-0.060708059	-0.158694973	0.022564711	0.119548298	0.08105892	0.020353555	-0.232273496	-0.012497786	-0.154254256	-0.010175013	0.008670973	-0.18094166	0.006548321	-0.092218871	-0.063918236	-0.031700087	-0.039233179	0.099124656	-0.042050057	-0.021269018	0.052983717	-0.057627846	0.0685252	-0.0022272	0.004695703	4.96E-06	-0.0795775	0.0191412	0.000366386	0.006332579	-0.0642012	-0.0200031	0.000400124	0.004121794	0.000761627	-0.000385053	1.48E-07	5.80E-07	0.000720758	0.00042708	1.82E-07	5.19E-07	0.000532399	0.000111198	1.24E-08	2.83E-07	0	0	0	0	0	0	0	0	0.257819595	-1.210362717	0.402945376	0.379823203	-0.01244033	-0.137985559	-1.711108937	0.10917726	-0.096382197	0.142903591	0.040072202	0.53544204
971.7299316	-0.63012648	0.39705938	944259.06	1129.612585	5.039257908	1276024.593	25.39412026	937.7862321	1.770856286	3.135931987	879443.0171	946.7395507	892.2239254	0	20.717594	0	0.0624645	-0.126064937	0.124159196	-0.046722057	0.017306652	-0.176227083	-0.078096129	-0.044682661	0.177259114	-0.125588184	-0.049656365	-0.02569664	0.007070801	-0.060682684	0.057322292	0.158356179	-0.028878076	-0.088028678	0.09795466	-0.069796356	0.20858915	-0.075081113	-0.00996763	-0.010056381	-0.204811492	-0.119175437	-0.007496728	-0.088957397	0.027804938	0.077243451	-0.047579882	0.003630965	0.000404817	0.070230432	-0.077008738	-0.153445962	0.009929293	0.054121227	-0.117498133	0.07439695	-0.22085641	0.006409745	0.034200601	0.034012997	0.225948745	0.06556875	-0.042473893	0.010438956	-0.069603168	0.093310677	-0.063363954	0.0685194	-5.80E-06	0.004694908	3.36E-11	-0.118768	-0.0391905	0.001535895	0.014105838	-0.0881528	-0.0239516	0.000573679	0.007770916	0.00141385	0.000652223	4.25E-07	2.00E-06	0.000563469	-0.000157289	2.47E-08	3.17E-07	0.000421201	-0.000111198	1.24E-08	1.77E-07	0	0	0	0	0	0	0	0	1.308901201	-0.04553635	0.907443534	-0.825019631	0.606564988	-1.519538411	-0.25732387	0.633403273	1.47252138	0.396017171	-1.634254509	1.451943199
969.8502871	-1.879644504	3.533063463	940609.5794	1144.980361	15.36777582	1310980.027	236.1685336	938.3085766	0.522344549	0.272843828	880422.985	947.594746	897.8908239	0	19.466883	0	0.123945	-0.117265558	0.07331343	-0.057683498	-0.05380406	-0.021411073	-0.271886285	0.047439388	0.087603295	0.099830553	0.0170023	0.003118795	0.045993866	-0.153248943	0.157091748	0.083946052	0.153754487	-0.057477646	0.090848271	0.163646687	-0.136449322	-0.142065477	-0.257016454	-0.091838951	-0.027355717	-0.207037559	0.005011593	0.012148716	0.049720385	-0.102007445	0.01780403	-0.035804415	-0.058293247	0.127300299	-0.188369742	-0.046259499	-0.163776253	0.026409534	-0.104703271	-0.202649597	0.046050711	0.166241933	0.286330424	0.07753698	0.054280029	0.139435488	-0.139283363	0.002958184	-0.001386579	0.067658466	-0.06900236	0.0684642	-5.52E-05	0.004687347	3.05E-09	-0.0125873	0.1061807	0.011274341	0.00015844	-0.0702331	0.0179197	0.000321116	0.004932688	0.00062524	-0.00078861	6.22E-07	3.91E-07	-0.00010675	-0.000670219	4.49E-07	1.14E-08	0.000421201	0	0	1.77E-07	0	0	0	0	0	0	0	0	1.235292626	1.130018124	0.378109787	-0.450736693	0.916852916	-1.561128166	0.777349756	-1.14058095	0.18062231	0.035732892	-1.047240368	-0.738063456
972.3892603	2.538973151	6.44638466	945540.8735	1132.339032	-12.64132907	1282191.684	159.8032007	942.1747512	3.866174545	14.94730561	887693.2617	950.6851161	890.6321719	0	26.295683	0	0.134493	0.05181904	0.174910319	-0.077281766	-0.143409175	-0.117212044	-0.086113084	-0.103783821	0.048762981	-0.164309075	0.254120862	0.010794736	-0.167327777	-0.156219181	0.058860606	-0.159697813	-0.128458004	-0.040987232	0.09115161	-0.112568809	-0.027386434	-0.239350849	0.158417098	-0.071039667	0.269108435	0.027464514	-0.023995972	0.017608804	-0.140017666	0.170105946	0.255849709	-0.016157312	0.099760339	0.176072596	-0.033455297	0.181423488	0.142095411	0.038040321	-0.084924153	0.109801903	-0.041503041	0.220138653	-0.149697445	0.033856055	-0.264403069	0.002291083	-0.010459134	0.077929928	0.112771872	0.016189067	-0.074534368	0.0940797	0.0256155	0.00885099	0.000656154	0.0842016	0.0967889	0.009368091	0.007089909	-0.00470044	0.06553266	0.00429453	2.21E-05	0.000120436	-0.000504804	2.55E-07	1.45E-08	-0.00070112	-0.00059437	3.53E-07	4.92E-07	0.00095437	0.000533169	2.84E-07	9.11E-07	0	0	0	0	0	0	0	0	1.137207137	-0.240005695	0.542509702	-0.107929169	0.839333909	-0.990717831	0.564994943	-0.649084902	-0.39080261	-1.738185548	2.056117462	1.617810357
970.4470724	-1.942187882	3.77209377	941767.5203	1123.505625	-8.833407344	1262264.889	78.0290853	940.0085332	-2.166217963	4.692500263	883616.0425	948.1942365	879.5317335	0	33.531269	0	0.41813	-0.102022327	0.084097929	0.136401472	0.065204387	-0.089137925	0.002662462	0.144144444	-0.191519296	0.130126189	0.055258723	0.092120095	0.148227352	0.212737837	-0.009995708	0.03839043	-0.119179498	0.225826877	-0.002640541	-0.206414581	-0.012243061	-0.171115658	-0.137832491	-0.020382774	0.041368542	-0.009736126	0.059294429	0.003268443	-0.10632035	0.173009441	0.054388769	-0.087484349	-0.071908938	-0.240041652	0.003533446	-0.091802736	0.108241172	-0.185549302	0.057337861	0.219316897	-0.06411467	0.178293565	0.129099262	0.019545689	-0.077926733	0.042295191	0.070690263	0.095329715	0.035710938	-0.203714439	-0.079951451	0.0662927	-0.027787	0.004394722	0.000772117	-0.216788	-0.3009896	0.090594739	0.046997037	-0.21894	-0.21423956	0.045898589	0.047934724	0.00258072	0.002460284	6.05E-06	6.66E-06	0.000275468	0.000976588	9.54E-07	7.59E-08	0.000421201	-0.000533169	2.84E-07	1.77E-07	0	1	0	0	0	0	0	0	0.841238487	-0.342640549	0.64842014	0.073132826	-0.388061472	-1.377461234	-0.853350497	1.148357904	-0.883948947	0.536683918	-0.082262876	0.533305517
966.8153986	-3.631673842	13.18905489	934732.0149	1144.121344	20.61571895	1309013.649	425.0078677	936.7397946	-3.268738624	10.68465219	877481.4428	946.1324419	894.9528646	0	29.281258	0	0.210981	-0.093745491	-0.119510621	-0.051202838	-0.005313498	0.017749048	-0.178853761	-0.060770502	0.19571649	0.082871333	-0.090424974	-0.030660526	0.100661006	-0.074397119	0.010676055	-0.032207691	0.108002648	0.151009126	0.02176378	0.026006476	0.000859277	0.129923978	-0.037903103	0.093729689	0.050219787	0.006557728	-0.130967464	0.026814761	-0.050918061	-0.047861994	-0.093456453	0.024739586	-0.101892288	0.030534743	-0.048943181	0.053860943	-0.114606992	-0.165790606	-0.020282296	-0.03725836	0.041730604	-0.120451343	0.011768398	-0.116070972	-0.008883338	-0.077941463	-0.112075315	0.035340671	0.126443009	-0.055002918	-0.085245254	0.0737824	0.0074897	0.005443843	5.61E-05	-0.063092	0.153696	0.02362246	0.0039806	-0.107834	0.111106	0.012344543	0.011628172	0.00139667	-0.00118405	1.40E-06	1.95E-06	0.000680056	0.000404588	1.64E-07	4.62E-07	0.000421201	0	0	1.77E-07	0	0	1	0	0	0	0	0	0.683730853	1.333618089	0.04821864	-0.973905168	-0.41725611	0.592853725	-0.285978403	-0.068546577	2.251247679	1.492898652	0.580564881	-0.522432176
964.0554375	-2.759961011	7.617384783	929402.8867	1133.345576	-10.77576722	1284472.196	116.1171592	936.0923725	-0.647422117	0.419155398	876268.9298	945.1807554	887.4495694	0	23.578426	0	0.0348766	0.115673881	-0.17331612	0.041762973	0.066390317	0.125062786	0.013304217	-0.284432038	0.073187434	0.060936342	-0.103902328	-0.093128413	-0.109881052	0.118266918	-0.073241971	-0.008442769	0.015179103	-0.041245692	0.036751014	0.027722411	0.144917773	0.107736972	-0.03492605	0.131226508	-0.102267892	0.075883505	-0.090708809	-0.126286103	0.001550022	-0.100587658	-0.102162624	0.103225406	0.113751231	-0.079873476	0.089047658	0.036216809	-0.034192259	0.035254472	-0.053418806	-0.013022907	-0.08390715	-0.164913324	0.04113528	-0.134065064	0.104527755	-0.14845811	-0.004257761	0.082080159	0.009217422	0.157163216	-0.090407615	0.0737563	-2.61E-05	0.005439992	6.81E-10	-0.0949768	-0.0318848	0.00101664	0.009020593	-0.107837	-3.00E-06	9.00E-12	0.011628819	0.00146158	6.49E-05	4.21E-09	2.14E-06	0.000419674	-0.000260382	6.78E-08	1.76E-07	0.000421201	0	0	1.77E-07	0	0	0	0	0	0	0	0	-1.077817196	0.133746602	-0.282878802	1.947659086	0.507394464	0.419380731	0.231465095	0.871030243	1.302830495	-0.149361868	0.404425585	0.532938051
959.5793687	-4.476068821	20.03519209	920792.5649	1123.191196	-10.15438013	1261558.463	103.1114358	933.0386193	-3.053753148	9.325408286	870561.0651	942.2436498	867.0531227	0	22.487715	0	0.070907	0.148830282	-0.102518527	0.233266585	-0.007310701	0.016854713	0.015522629	-0.325905938	-0.017105126	-0.022298652	-0.262052166	-0.001065086	-0.181152128	0.108025044	0.012698568	-0.029865282	-0.000921651	-0.072373091	0.164136003	0.002138647	-0.031606126	0.121969857	-0.072770943	0.042126651	-0.107491573	0.058126351	0.060441363	0.055128034	0.030706513	0.047340507	-0.259636791	0.010434386	0.192329617	-0.06565854	0.03318187	0.079937027	-0.010254458	0.068773976	-0.187337905	0.005835711	0.075659331	-0.108391159	0.085650507	-0.094225713	0.071619264	-0.048130496	0.10005255	-0.057870213	-0.005030832	0.071780384	-0.095430574	0.098249	0.0244927	0.009652866	0.000599892	-0.0348671	0.0601097	0.003613176	0.001215715	-0.128857	-0.02102	0.00044184	0.016604126	0.0015419	8.03E-05	6.45E-09	2.38E-06	0.000616593	0.000196919	3.88E-08	3.80E-07	0.000604151	0.00018295	3.35E-08	3.65E-07	0	0	0	0	0	0	0	0	-0.84835226	-1.763684913	-0.487641665	1.777590459	-1.451508548	-0.572306644	-1.851195854	0.491361928	-0.403590265	-0.755859775	0.424833124	1.353719142
960.3879224	0.808553668	0.653759035	922344.9615	1121.149863	-2.04133363	1256977.015	4.167042989	934.7971023	1.758483021	3.092262537	873845.6225	944.0432984	868.8838574	0	22.68956	0	0.0470835	0.121276933	0.032966284	0.149627015	-0.120340114	-0.07442888	0.000287912	-0.198441738	-0.157199615	-0.276677472	-0.138408478	-0.060708245	-0.176468726	0.068872501	0.244648889	0.092143123	0.097686235	-0.009244601	0.149105634	0.078958351	-0.135784652	-0.082793037	-0.033819797	0.076314227	0.039617822	0.201790706	-0.158384324	-0.112529871	0.044713179	-0.040701434	-0.134650925	0.055408578	0.21978851	-0.030123885	-0.205687262	-0.036879195	-0.093347201	0.020549774	-0.178332581	-0.078094708	0.121182257	0.103743987	0.002484104	-0.082353945	-0.063425241	-0.249542877	-0.030894637	0.073311699	0.004008873	-0.007392294	-0.100306386	0.0864374	-0.0118116	0.007471424	0.000139514	-0.0272475	0.0076196	5.81E-05	0.000742426	-0.10781	0.021047	0.000442976	0.011622996	0.000938419	-0.000603481	3.64E-07	8.81E-07	0.000864121	0.000247528	6.13E-08	7.47E-07	0.000421201	-0.00018295	3.35E-08	1.77E-07	0	0	0	0	0	0	0	0	0.230690627	-2.358945758	0.19566237	0.148549866	0.576872264	-1.220486214	0.172172633	-0.726892269	0.703766504	-1.343409947	0.475852947	-1.479139805
964.2362319	3.848309532	14.80948625	929751.511	1121.767515	0.617652234	1258362.358	0.381494282	938.821036	4.023933672	16.1920422	881384.9377	946.9369413	869.7162025	0	18.50605	0	0.0239059	0.15073073	0.051702919	0.120376046	-0.077079995	-0.095059793	0.077143115	-0.061210163	-0.10628138	-0.033585876	0.069283954	0.021336221	-0.128370639	0.037351165	0.017638357	0.029361769	0.028966828	-0.099770861	0.165943838	0.148117646	-0.106688991	-0.140159914	0.142038484	-0.004062329	-0.043202221	0.006584963	0.092368822	-0.074472824	-0.139169558	-0.04477644	0.073809292	-0.015373589	0.150993577	-0.005481106	0.008396964	-0.016371611	-0.025607851	0.081771592	-0.170098036	-0.148392424	0.030937539	0.172878624	-0.140405447	0.016693751	0.018156151	0.09786373	0.111065052	0.145350172	-0.014507606	0.017846469	-0.105027532	0.0731299	-0.0133075	0.005347982	0.00017709	-0.0338803	-0.0066328	4.40E-05	0.001147875	-0.0931661	0.0146439	0.000214444	0.008679922	0.000938419	0	0	8.81E-07	0.0011161	0.000251979	6.35E-08	1.25E-06	0.000421201	0	0	1.77E-07	0	0	0	0	0	0	0	0	0.404089608	-2.207801562	-0.942977052	0.906501468	0.177922262	-0.063099296	-0.286051549	-0.504518581	0.090294897	-1.722475032	-0.250912936	0.580958007
964.9213	0.685068109	0.469318313	931073.1153	1126.376797	4.609282316	1268724.689	21.24548347	939.8949099	1.073873863	1.153205075	883402.4416	948.0013398	859.6018467	0	19.810135	0	0.054474	0.17463904	-0.109035828	0.125147739	-0.00612464	-0.055201748	0.153994384	-0.060367138	-0.240743709	0.026805422	0.132483535	-0.033415296	-0.114198338	0.152265926	-0.093289872	-0.058700715	-0.002580749	-0.082353255	0.130121169	0.065304017	-0.125340939	-0.099700265	-0.157770532	0.013400805	0.045358545	-0.074798054	-0.168373698	0.074389297	0.044558906	-0.027175201	0.135469309	0.05710923	0.129993618	-0.112115023	0.128164244	0.064183596	0.002490659	0.074914294	-0.133670007	-0.059565984	0.040567227	0.1455258	0.149241939	-0.023915955	-0.022670064	0.016479332	-0.117000421	-0.08477368	0.123774677	-0.018495337	-0.109586734	0.0730767	-5.32E-05	0.005340204	2.83E-09	-0.0465159	-0.0126356	0.000159658	0.002163729	-0.104185	-0.0110189	0.000121416	0.010854514	0.0017593	0.000820881	6.74E-07	3.10E-06	0.000717901	-0.000398199	1.59E-07	5.15E-07	0.000691755	0.000270554	7.32E-08	4.79E-07	0	0	0	0	0	0	0	0	-0.840709545	-0.858234477	-0.694893565	1.575226135	-0.409914039	-0.500325416	0.721640092	0.238473308	-1.016832545	-1.110228752	1.092317499	-1.148614547
968.6107207	3.689420709	13.61182517	938206.7283	1130.373796	3.996998942	1277744.919	15.97600054	940.4746601	0.579750221	0.336110319	884492.5863	948.7899821	874.7859625	0	22.247124	0	0.195676	0.232764781	-0.013006597	-0.044511794	-0.125158112	-0.014432584	0.182091808	-0.000575572	0.076814274	-0.053798071	0.132130378	-0.151178915	-0.129864152	-0.11893536	-0.123126984	-0.067657353	0.116910687	0.039333382	-0.012989272	0.040561164	0.013114151	-0.094390682	-0.022520632	0.06940995	-0.05905406	-0.097032173	-0.007695751	-0.014782406	0.070740987	0.037416152	0.133613174	0.155654027	0.074628738	0.15512714	0.1148612	0.083345284	-0.124485147	-0.038985368	0.033071849	-0.043673516	-0.050673181	0.078973355	0.011090697	-0.070576914	0.06168461	0.045248893	-0.039400542	-0.020196321	-0.032798868	-0.015824016	-0.113976961	0.091795	0.0187183	0.008426322	0.000350375	-0.0145672	0.0319487	0.001020719	0.000212203	0.055933	0.160118	0.025637774	0.0031285	0.000330216	-0.001429084	2.04E-06	1.09E-07	0.000864121	0.00014622	2.14E-08	7.47E-07	0.000421201	-0.000270554	7.32E-08	1.77E-07	0	0	0	0	0	0	0	0	-1.439009157	-0.789932191	-0.355799208	0.931485625	-0.010375297	-0.175055821	1.074085557	0.294773189	-0.288233839	-1.380273861	0.236173354	-0.516950147
969.8277029	1.21698213	1.481045505	940565.7733	1123.907122	-6.466674162	1263167.219	41.81787472	942.0513996	1.576739486	2.486107407	887460.8395	950.6477951	873.846355	0	23.511938	0	0.269692	0.163192204	0.021021863	0.052630282	0.123194577	0.005324242	0.126876046	-0.040876894	-0.097310115	0.050603067	0.222734175	-0.153460776	-0.005438035	0.311845079	-0.124893095	0.011557808	0.037994084	0.054831961	-0.1064316	0.064335056	0.061480798	-0.049931014	-0.08428651	-0.105022243	0.049075214	-0.09544387	-0.169218568	0.244322803	-0.065549822	-0.054505393	0.223469905	0.164736949	0.065344612	-0.277273259	0.127922374	-0.043706825	-0.062985451	-0.036731571	0.118749521	-0.032601503	-0.0824257	0.015245543	0.08593997	0.080900231	-0.032435292	0.074175021	-0.05624575	-0.118212816	0.295646202	-0.057727225	-0.118191444	0.0730629	-0.0187321	0.005338187	0.000350892	-0.160875	-0.1463078	0.021405972	0.025880766	-0.136451	-0.192384	0.037011603	0.018618875	0.0017361	0.001405884	1.98E-06	3.01E-06	0.000262818	-0.000601303	3.62E-07	6.91E-08	0.000421201	0	0	1.77E-07	0	0	0	0	0	0	0	0	-1.502950022	-1.419944879	-0.397055138	1.209081529	0.41535588	-0.042494251	2.746237167	1.268555957	0.072117164	-0.83134525	0.336181834	-0.260819483
969.1170896	-0.71061332	0.50497129	939187.9333	1126.404809	2.49768666	1268787.793	6.238438651	936.5439742	-5.507425365	30.33173415	877114.6156	945.2832813	872.626206	0	21.734201	0	0.0802441	0.028970456	-0.052208358	-0.0863851	0.155982992	0.039930315	0.174502944	0.049823853	0.080333691	0.067100131	-0.160089341	0.004292035	0.031301984	-0.084387813	-0.195879785	0.021807834	-0.070933618	-0.001591276	-0.008517472	0.164642739	0.058659755	-0.00443023	0.106578199	-0.117939842	-0.092177398	0.118086038	0.087902064	0.108925126	-0.064651988	-0.086266126	-0.161519498	0.014357306	-0.058716272	0.075299697	0.185636391	-0.043784576	0.066554451	-0.051331836	0.013617738	-0.169253152	-0.050274981	-0.015896281	-0.099706849	0.129097229	0.071617389	0.013783885	0.209148721	-0.047396987	0.057030087	0.090072481	-0.122223684	0.0730629	0	0.005338187	0	-0.0892295	0.0716455	0.005133078	0.007961904	-0.121188	0.015263	0.000232959	0.014686531	0.00124343	-0.00049267	2.43E-07	1.55E-06	0.000262818	0	0	6.91E-08	0.000421201	0	0	1.77E-07	0	0	0	0	0	0	0	0	-1.182734026	-0.056669696	0.261709557	-0.757551996	-1.453803822	1.285596301	-1.505643922	0.719350358	0.009460437	-0.392740821	-0.998151798	1.65201701
971.8757836	2.758694053	7.610392878	944542.5388	1126.721571	0.316762691	1269501.499	0.100338603	940.4860247	3.942050454	15.53976178	884513.9626	948.811125	877.3774816	0	19.631674	0	0.0927743	0.037944465	-0.073287398	-0.200984216	0.008311146	0.120235804	0.125000504	0.073406824	0.062909965	-0.011855369	0.038860011	-0.227501087	0.143358767	-0.026200849	-0.121342896	0.167326877	0.012292529	0.114500345	-0.035519654	-0.032259465	-0.029043745	-0.017140557	-0.082950743	0.003250159	-0.014943385	0.047128128	0.034416986	-0.09651594	0.207029875	0.095397549	0.035222431	0.229399204	-0.148678462	0.014225319	0.067704177	-0.177994799	-0.03315583	-0.116572509	0.026186984	0.033750689	0.018972542	0.032076835	0.069721905	-0.022230918	-0.014971753	-0.129506831	-0.082051978	-0.095707196	-0.1965418	-0.021794081	-0.126067465	0.0706671	-0.0023958	0.004993839	5.74E-06	-0.122849	-0.0336195	0.001130271	0.015091877	-0.052644	0.068544	0.00469828	0.002771391	0.00077645	-0.00046698	2.18E-07	6.03E-07	0.00105727	0.000794452	6.31E-07	1.12E-06	0.000421201	0	0	1.77E-07	0	0	0	0	0	0	0	0	-0.719750402	0.791681293	0.97267365	-1.13311277	-0.234808709	0.68480444	0.522438119	1.774922236	-1.566972091	-0.185534756	1.217343618	0.613088607
972.0511523	0.175368716	0.030754186	944883.4427	1135.814785	9.093213442	1290075.225	82.68653071	939.5222549	-0.963769739	0.928852109	882702.0675	948.3404391	881.1718493	0	21.309441	0	0.0316979	-0.036522126	-0.045179442	-0.210749774	0.121203153	0.155392666	-0.010437282	0.152308587	0.081409676	0.0541306	0.024422057	-0.201756581	0.156231723	-0.09222883	0.131388187	0.034137164	-0.04852729	0.080282331	0.050072581	0.122437458	-0.123393664	0.063323107	0.157057711	-0.212554994	-0.217963084	0.086197583	0.133244286	0.013979998	0.058534584	0.198861387	0.020881887	0.196631977	-0.14314904	0.04583234	-0.178656532	-0.039804515	0.045824879	-0.105776961	-0.047662124	-0.11452827	0.131936879	0.004128626	-0.143871382	0.282672196	0.22108655	-0.004868326	0.099307211	-0.027915523	-0.143718086	-0.266628259	-0.129716858	0.0779706	0.0073035	0.006079414	5.33E-05	-0.0931937	0.0296553	0.000879437	0.008685066	-0.0473472	0.0052968	2.81E-05	0.002241757	0.000718379	-5.81E-05	3.37E-09	5.16E-07	0.000970538	-8.67E-05	7.52E-09	9.42E-07	0.000421201	0	0	1.77E-07	0	0	0	0	0	0	0	0	-0.6742936	1.156369844	3.065355605	-1.681098697	1.057838549	0.332476528	0.706001415	0.575210322	-0.493022371	1.820208133	-2.341649808	-0.807994721
973.2885709	1.237418614	1.531204826	947290.6423	1119.029864	-16.78492121	1252227.836	281.7335801	935.4528854	-4.069369556	16.55976858	875072.1008	943.6719926	900.784392	0	29.190069	0	0.157735	0.01824967	0.124327728	-0.220799752	-0.085761119	-0.008238798	0.045868582	-0.003226672	0.132474073	-0.062498943	-0.157459496	-0.113269346	-0.070968048	-0.141153774	0.308037923	-0.174434155	-0.480138956	-0.027468477	0.028068741	-0.223456837	-0.102641569	0.069961045	0.113089745	-0.079373899	0.075316619	-0.270423778	0.000391605	0.187336055	0.048070638	-0.18337081	-0.156062834	0.096093373	0.065814712	0.142559493	-0.287305897	0.14627439	0.505261961	0.054593271	-0.016681484	0.247306069	0.088949886	0.000532219	-0.069239418	0.070844609	-0.019385292	0.277200004	-0.096159375	-0.1737513	0.109029368	0.009447319	-0.133166237	0.0931269	0.0151563	0.00867262	0.000229713	0.0241521	0.1173458	0.013770037	0.000583324	-0.0095597	0.0377875	0.001427895	9.14E-05	0.00240981	0.001691431	2.86E-06	5.81E-06	-0.000239222	-0.00120976	1.46E-06	5.72E-08	0.000935511	0.00051431	2.65E-07	8.75E-07	0	0	0	1	0	0	0	0	0.381042764	0.915746887	3.572399167	-0.903420679	3.217978903	-1.516293352	-2.62612212	1.127563456	-0.406817325	4.55425751	1.680691995	1.745191164
970.1101889	-3.178382006	10.10211217	941113.7787	1124.154556	5.124692797	1263723.467	26.26247627	936.584927	1.132041657	1.281518314	877191.3256	945.1468797	875.4059847	0	33.810795	0	0.271607	-0.052592026	0.180959029	0.076195127	0.071215842	-0.128943199	0.078145586	0.0390306	-0.021175157	0.029121508	-0.072182906	0.098853825	-0.087609106	0.022350274	0.151141914	0.114168381	-0.088408449	0.180284836	-0.044458798	-0.14703578	0.133849601	0.227219165	-0.060410262	-0.020891914	0.184787128	-0.079484785	-0.315315033	-0.245340448	-0.012983792	0.141182952	-0.069080892	-0.109672102	0.121005834	-0.002053697	-0.124971902	-0.110305794	0.087924985	-0.135240426	0.046550847	0.185219891	-0.023698466	-0.283378659	0.027837808	0.004638777	-0.119951388	-0.104922927	-0.333370177	0.189095867	0.041632573	-0.12075866	-0.136410284	0.0671576	-0.0259693	0.004510143	0.000674405	-0.0714457	-0.0955978	0.009138939	0.005104488	-0.242719	-0.2331593	0.054363259	0.058912513	0.00336036	0.00095055	9.04E-07	1.13E-05	-0.000592788	-0.000353566	1.25E-07	3.51E-07	0.000421201	-0.00051431	2.65E-07	1.77E-07	0	0	0	0	1	0	0	0	0.636317933	-0.09929997	-0.022017193	-0.132032783	0.938098996	-0.862733444	-0.133522823	0.048054793	-1.066053011	1.522480779	-0.06789183	0.362849352
970.4014973	0.291308364	0.084860563	941679.066	1118.478038	-5.676518149	1250993.122	32.22285829	938.5522761	1.967349112	3.870462528	880880.3751	947.1192238	879.6260992	0	26.42893	0	0.238594	-0.09944956	0.064421137	-0.079187927	-0.07577079	-0.105485523	-0.000835771	0.045574054	0.255587139	-0.189740557	0.016432732	0.070810711	-0.058777787	-0.187195071	-0.097329709	-0.051995852	0.074670567	0.120479396	-0.105461524	0.113588689	0.261088174	0.251334878	-0.107736088	-0.008798693	0.268383944	-0.195336635	0.108130182	-0.082156442	-0.14920466	0.097561045	0.018834602	-0.073596118	0.008866868	0.193685782	0.086627833	0.047727828	-0.07379531	-0.130019454	0.124047614	-0.092613946	-0.156492276	-0.337011146	0.057859952	0.010410965	-0.191926396	0.266423511	-0.108970968	0.187021124	-0.062462324	-0.165514745	-0.139443996	0.0671542	-3.40E-06	0.004509687	1.16E-11	0.000951804	0.072397504	0.005241399	9.06E-07	-0.0791794	0.1635396	0.026745201	0.006269377	0.00103425	-0.00232611	5.41E-06	1.07E-06	-0.00086178	-0.000268992	7.24E-08	7.43E-07	0.000555696	0.000134495	1.81E-08	3.09E-07	0	0	0	0	0	0	0	0	1.287034448	0.609251678	-0.099388371	-0.534088187	-0.360111094	1.197940363	0.438990983	-0.567348478	-0.457098645	-0.0028847	-1.775727865	0.438943538
971.7353573	1.333860004	1.77918251	944269.6046	1134.174248	15.69620994	1286351.225	246.3710065	941.9892419	3.436965713	11.81273331	887343.7318	950.9058752	882.8497508	0	24.683527	0	0.212917	-0.191697665	0.025822093	-0.02984087	0.103760385	0.014738874	-0.169409271	0.012570781	-0.075374805	0.085745689	0.190413878	0.134541059	0.100313982	0.113467833	-0.237930961	-0.097092926	0.036676952	-0.023202107	-0.116420588	-0.062531809	-0.100024188	-0.049546844	0.032222219	-0.127301933	0.108657302	-0.214189437	-0.03345544	0.014987729	0.032761695	-0.011752484	0.186411617	-0.119438363	-0.131807884	-0.128100894	0.236164744	0.067076754	-0.050090187	0.015180748	0.121368756	0.071638633	0.062117153	0.082731626	0.004421686	0.097605793	-0.054433306	0.203568935	-0.170184787	-0.015706972	0.02691772	0.064225605	-0.142262695	0.0531309	-0.0140233	0.002822893	0.000196653	-0.0922153	-0.093167104	0.008680109	0.008503662	-0.228503	-0.1493236	0.022297538	0.052213621	0.00267396	0.00163971	2.69E-06	7.15E-06	-0.000755471	0.000106309	1.13E-08	5.71E-07	0.000421201	-0.000134495	1.81E-08	1.77E-07	0	0	0	0	0	0	0	0	0.79124439	0.842443536	-0.466331397	-1.017124673	0.359228678	-0.025350957	1.179270172	0.116855442	-0.688521254	0.366796638	-2.234408371	0.467784368
965.5590275	-6.176329823	38.14705008	932304.2355	1133.586942	-0.587306508	1285019.354	0.344928934	935.661998	-6.327243823	40.03401439	875463.3746	944.9260137	873.3006064	0	28.102343	0	0.196567	-0.180051376	0.019655432	0.234959869	0.215436396	-0.091054675	-0.204568074	0.019641199	-0.114446639	0.134766977	-0.09671407	0.275587034	0.077067934	0.133424794	0.172740537	-0.089100528	0.033595768	0.023872441	0.004531708	0.038797525	-0.077848225	0.061628079	-0.101156339	-0.213648721	-0.161493732	0.010638255	0.097199532	-0.213896472	0.24016119	-0.180590653	-0.096907632	-0.270911502	-0.012183568	-0.178067352	-0.146140572	0.089314093	-0.006880839	-0.010861046	0.005998418	-0.068573745	0.095357195	-0.016574009	0.112192455	0.255257185	0.110791985	-0.070261742	-0.036281836	-0.020280154	-0.259273336	0.126302294	-0.144862036	0.0350434	-0.0180875	0.00122804	0.000327158	-0.105225	-0.0130097	0.000169252	0.011072301	-0.384107	-0.155604	0.024212605	0.147538187	0.00433188	0.00165792	2.75E-06	1.88E-05	-0.000449943	0.000305528	9.33E-08	2.02E-07	0.000351703	-6.95E-05	4.83E-09	1.24E-07	0	0	0	0	0	1	0	0	0.553956854	0.775396261	1.504626963	0.005650939	-0.803976334	-1.46798948	-0.919039017	-1.92165454	-0.168657441	-0.605080468	-1.103354439	1.047050901
962.8709834	-2.68804403	7.225580708	927120.5308	1145.853151	12.26620921	1312979.443	150.4598885	938.6628958	3.000897788	9.005387533	881088.032	948.492976	890.7802475	0	25.329889	0	0.173593	-0.124801274	-0.019213219	0.21417475	-0.014146449	-0.072686409	-0.305196365	-0.201179873	-0.079271565	-0.016431355	0.090572483	0.198478167	0.066192879	0.066142248	0.166969342	-0.216583901	0.107398449	0.110999131	0.044431903	-0.06008019	-0.052464318	0.091955801	-0.099999936	-0.076375491	0.020875434	-0.007924492	0.039414074	-0.16638506	0.106670504	0.012728103	0.08870135	-0.19885578	-0.013344753	-0.123330512	-0.161737523	0.25321168	-0.083208677	-0.112516775	-0.026469055	0.042777169	0.077128677	-0.062558922	0.10695153	0.062140314	-0.040283346	-0.069644116	-0.099017237	0.004080849	-0.195991469	0.16649273	-0.147238009	0.0378817	0.0028383	0.001435023	8.06E-06	-0.0597167	0.0455083	0.002071005	0.003566084	-0.24851	0.135597	0.018386546	0.06175722	0.00305358	-0.0012783	1.63E-06	9.32E-06	0.000136894	0.000586837	3.44E-07	1.87E-08	0.000421201	6.95E-05	4.83E-09	1.77E-07	0	0	0	0	0	0	0	0	0.879111011	0.252471638	-0.101219738	-0.558456716	-0.345201762	-1.747053113	-0.069949077	-1.043734115	1.590963007	-0.395176799	0.746392617	-1.542007842
960.1425045	-2.728478949	7.444597374	921873.6289	1146.767491	0.91434006	1315075.678	0.836017746	939.3272864	0.664390526	0.441414771	882335.7509	948.7354558	874.8318085	0	21.221519	0	0.0395336	-0.105594899	-0.196146201	0.152207472	-0.099577719	0.166755961	-0.248571065	-0.064407729	-0.016207978	0.014552571	0.080608347	-0.007889448	0.242035738	0.102376675	0.148504405	-0.133744688	0.0900028	0.039368988	0.093370387	-0.231944616	-0.048805141	0.079464762	0.230085923	0.073658642	-0.013639688	0.030001573	0.112561344	-0.07115577	-0.127888707	-0.043247729	0.072138373	0.009690382	-0.200881707	-0.185643619	-0.173515129	0.139289098	-0.071467473	-0.031262735	-0.078219172	0.240850962	0.102505322	-0.045220352	-0.207065618	-0.057717657	0.005731088	0.024966672	0.126609445	0.106506228	-0.057404777	0.12110133	-0.149386953	0.0461628	0.0082811	0.002131004	6.86E-05	-0.0684115	-0.0086948	7.56E-05	0.004680133	-0.21751	0.031	0.000961	0.0473106	0.00277007	-0.00028351	8.04E-08	7.67E-06	-6.98E-06	-0.00014387	2.07E-08	4.87E-11	0.000421201	0	0	1.77E-07	0	0	0	0	0	0	0	0	0.720621827	0.658302373	-0.019276881	-1.407039171	-0.290474533	-0.674525969	0.703184122	0.649144046	0.825561449	-0.65861871	0.14038494	-2.216734356
962.150144	2.007639523	4.030616455	925732.8996	1120.0175	-26.7499907	1254439.201	715.5620023	936.4427914	-2.884494954	8.320311139	876925.1016	944.9384683	856.3057301	0	24.242426	0	0.0961386	-0.046984233	-0.098122009	-0.000800204	-0.130867785	0.166476739	-0.058231371	0.049536547	-0.12093772	-0.07011861	-0.112388605	-0.025020915	0.143480373	0.088408019	0.017548347	-0.061110074	0.087550583	0.105750576	-0.098028159	-0.188425475	-0.106932281	-0.15842702	0.13262651	0.155177197	-0.052012178	-0.044495191	0.01122842	-0.099108849	0.002251713	-0.062766596	-0.115884828	0.022742205	-0.118416769	-0.116554403	-0.038795041	0.033264658	-0.075634439	-0.057189254	0.135644731	0.192493561	0.054016786	0.216220571	-0.127281077	-0.110534271	0.043542093	0.004053478	0.017826888	0.05087191	-0.07321909	0.000208991	-0.151305552	0.0518291	0.0056663	0.002686256	3.21E-05	-0.0960362	-0.0276247	0.000763124	0.009222952	-0.169125	0.048385	0.002341108	0.028603266	0.00150562	-0.00126445	1.60E-06	2.27E-06	0.000474292	0.000481268	2.32E-07	2.25E-07	0.000421201	0	0	1.77E-07	0	0	0	0	0	0	0	0	0.236924011	1.007965903	0.84537909	-1.417759002	0.626919838	-0.501000073	-1.218891811	1.19343057	-1.922307229	-0.947266272	-0.721334508	0.163067913
968.7805065	6.630362487	43.96170671	938535.6698	1131.702706	11.68520528	1280751.014	136.5440225	937.8739433	1.431151886	2.048195721	879607.5335	946.3692721	868.277125	0	23.914871	0	0.0973886	-0.070167238	0.005284627	0.060293594	-0.03390408	0.05793058	-0.084637041	0.13306044	-0.250748162	-0.020594043	-0.01725625	0.104289373	0.11188734	-0.038013789	0.144806324	-0.010604344	0.00054768	-0.109219802	-0.394273098	0.17728701	-0.046647375	-0.098884052	-0.179797258	0.161770551	-0.138552125	0.107256041	-0.050034269	0.014335691	-0.088961428	0.287672073	-0.017720782	-0.11467402	-0.080536069	-0.007313658	-0.148976411	-0.025761275	0.025027385	0.126989346	0.371852955	-0.209667868	0.040021073	0.083976895	0.142424881	-0.171876029	0.129927344	-0.127750661	0.080012877	0.106161788	0.049501316	-0.226395544	-0.15299085	0.0377681	-0.014061	0.001426429	0.000197712	-0.143326	-0.0472898	0.002236325	0.020542342	-0.209792	-0.040667	0.001653805	0.044012683	0.00262858	0.00112296	1.26E-06	6.91E-06	8.28E-05	-0.000391476	1.53E-07	6.86E-09	0.0007478	0.000326599	1.07E-07	5.59E-07	0	0	0	0	0	0	0	0	0.385895608	0.930400258	-0.984280184	-0.376257714	1.41355703	-1.337092631	-0.05824473	-1.652979267	-1.275931066	-0.745045247	-1.478076597	-0.74763914
967.4674479	-1.313058611	1.724122917	935993.2627	1119.107362	-12.59534363	1252401.287	158.642681	936.4571596	-1.416783656	2.007275929	876952.0118	944.5669271	859.476183	0	19.408766	0	0.0753864	-0.110230172	-0.007662723	0.128526768	-0.044005682	-0.055410367	-0.065098686	0.184094396	-0.15348953	0.051346114	-0.079727115	0.282213099	-0.013522954	-0.090908479	-0.020345667	0.000389203	0.045915678	-0.191410752	-0.133778238	0.120436528	-0.00893225	-0.024062227	-0.090364158	-0.079288321	0.134086406	0.113212817	-0.082276194	0.17010352	0.039943343	0.075048044	-0.078613666	-0.285389209	-0.020780609	0.085923948	0.046089712	-0.012942239	-0.015014534	0.203108352	0.119987603	-0.162220899	0.007639275	0.018295838	0.06435078	0.058616421	-0.160441491	-0.136024189	0.0480892	-0.116423174	0.141793671	-0.214152405	-0.154440246	0.063693	0.0259249	0.004056798	0.0006721	-0.0883182	0.0550078	0.003025858	0.007800104	-0.190914	0.018878	0.000356379	0.036448155	0.00250834	-0.00012024	1.45E-08	6.29E-06	-0.000690212	-0.000773028	5.98E-07	4.76E-07	0.000830749	8.29E-05	6.88E-09	6.90E-07	0	0	0	0	0	0	0	0	0.981137351	1.1819764	-0.890701815	-0.392661366	-1.769643793	-0.313097994	-0.471367708	-2.592514832	-2.11672615	-0.448309663	-0.990891727	1.36841494
966.5322047	-0.935243193	0.874679831	934184.5027	1125.79626	6.688898246	1267417.219	44.74135975	935.7105945	-0.746565144	0.557359514	875554.3166	943.9312283	864.4940811	0	20.537231	0	0.0862411	-0.103988911	-0.095917236	-0.003168458	-0.129613944	0.02104541	-0.029431438	0.106624242	0.018317166	-0.001579658	-0.195496993	0.029042145	0.049451066	-0.105106056	-0.100578227	0.099904336	0.004442277	-0.125856913	-0.025017791	-0.145042072	0.06635683	0.053604543	0.022567678	0.065484165	0.104180441	-0.104995352	0.102334169	0.066759145	-0.05585397	-0.089912122	-0.196180707	-0.038528736	-0.088565838	0.102029221	0.083000448	-0.105634262	-0.012340973	0.127977304	0.001788056	0.120148679	-0.031995166	-0.079802213	-0.002495309	-0.108753106	-0.141365223	0.129518687	0.025631373	-0.007528091	0.004229526	0.189425504	-0.155651507	0.0637531	6.01E-05	0.004064458	3.61E-09	-0.0457577	0.0425605	0.001811396	0.002093767	-0.148409	0.042505	0.001806675	0.022025231	0.00162435	-0.00088399	7.81E-07	2.64E-06	-0.000220424	0.000469788	2.21E-07	4.86E-08	0.000697232	-0.000133517	1.78E-08	4.86E-07	0	0	0	0	0	0	0	0	1.097837854	1.123707792	0.412056366	-1.071551643	-0.42940323	0.41001512	-1.405084932	0.261216117	-2.505584663	-0.603223119	-0.240367684	0.682239344
967.9465374	1.414332688	2.000336953	936920.4992	1126.887072	1.090812127	1269874.474	1.189871097	937.245888	1.535293532	2.357126229	878429.8546	945.5085985	868.4649914	0	16.439257	0	0.0545322	-0.094104197	-0.022825349	-0.08275209	-0.02040205	0.109667594	-0.002432365	0.195510045	-0.031009631	0.005142542	-0.097395693	0.056573169	0.071722034	-0.074877946	-0.10790337	0.159441516	0.128585215	-0.174758861	-0.007783549	0.041082681	0.038889564	-0.098444664	0.151842631	0.097224564	0.093555664	0.051258447	-0.034320964	-0.096011959	-0.028812784	-0.17122753	-0.09880607	-0.062739605	-0.109788194	0.074352478	0.09347138	-0.160451298	-0.130828042	0.163749271	-0.01245661	-0.059997814	-0.05107209	0.062538483	-0.15327791	-0.091667369	-0.100221363	-0.028810613	0.032747323	0.094998246	0.003519246	0.048437049	-0.156622765	0.0637498	-3.30E-06	0.004064037	1.09E-11	-0.0975195	-0.0517618	0.002679284	0.009510053	-0.133665	0.014744	0.000217386	0.017866332	0.00156587	-5.85E-05	3.42E-09	2.45E-06	-0.000121906	9.85E-05	9.71E-09	1.49E-08	0.000836569	0.000139337	1.94E-08	7.00E-07	0	0	0	0	0	0	0	0	0.590658406	1.0638384	-0.463566856	-1.290974535	-0.341704385	0.464205376	-0.644378358	0.184394373	-2.231141402	-0.877024796	-1.918998364	0.644775945
974.512782	6.566244652	43.11556883	949675.1624	1125.900369	-0.986702945	1267651.642	0.973582702	938.6001777	1.354289703	1.834100599	880970.2936	946.8968383	898.3462172	0	28.203255	0	0.265653	0.038107714	0.171550219	-0.194086604	-0.175532935	-0.093668816	0.06987817	0.08677432	0.205064556	-0.100470542	0.02442961	-0.047468739	-0.126937803	-0.268700342	0.03797666	0.056713933	0.075017014	0.076631528	-0.134547169	0.05469104	-0.119005618	-0.088495674	-0.017987021	0.060861899	-0.064825497	0.009750189	0.098598432	0.009510609	-0.01687212	0.036813744	0.028359363	0.025863347	0.062965489	0.296851149	-0.05493027	-0.03809541	-0.072539309	-0.063885957	0.130467056	-0.060170786	0.081710948	0.119065145	0.028610694	-0.045305882	0.067626486	0.00041446	0.072391905	-0.065754679	-0.030135797	0.011857112	-0.157352521	0.0920581	0.0283083	0.008474694	0.00080136	0.0051246	0.1026441	0.010535811	2.63E-05	0.060153	0.193818	0.037565417	0.003618383	-0.000455381	-0.002021251	4.09E-06	2.07E-07	-0.000191648	-6.97E-05	4.86E-09	3.67E-08	0.000851074	1.45E-05	2.10E-10	7.24E-07	0	0	0	0	0	0	1	0	0.73402919	0.564708261	0.699474273	-0.460191841	0.747572312	0.122333596	-0.44204178	-1.202647633	-0.899476409	0.052712602	-0.070688574	0.426726033
974.5355928	0.022810752	0.00052033	949719.6216	1124.063986	-1.836383267	1263519.845	3.372303502	943.4696851	4.86950735	23.71210183	890135.0466	951.2671445	874.7037857	0	22.161831	0	0.211115	0.034428624	0.175056035	0.000118191	-0.134195911	-0.198690804	0.072571605	0.090299942	-0.059982933	-0.024590768	0.329211847	0.02439765	-0.135126999	-0.052056865	0.039447631	0.126112873	-0.0404212	0.067172621	-0.048566464	-0.085319317	0.135666757	0.019227047	0.060165529	0.183416138	0.019394406	0.179622103	0.032571516	0.061828393	0.149084358	-0.033713526	0.333752526	-0.040516485	0.128088762	0.094831841	-0.031036382	-0.121081442	0.029300533	-0.039462866	0.049868641	0.105769233	-0.111320628	-0.068201228	-0.065473137	-0.170467188	-0.032708859	-0.145522053	0.08324922	-0.137569703	-0.085903875	0.02255826	-0.157839652	0.0721399	-0.0199182	0.005204165	0.000396735	-0.110173	-0.1152976	0.013293537	0.01213809	-0.0516455	-0.1117985	0.012498905	0.002667258	0.00156202	0.002017401	4.07E-06	2.44E-06	-0.000482147	-0.000290499	8.44E-08	2.32E-07	0.000642165	-0.000208909	4.36E-08	4.12E-07	0	0	0	0	0	0	0	0	0.987683012	-0.126154345	-0.755782405	0.213262682	1.011521515	-0.671231742	1.619671043	-1.259119831	-1.767843268	-1.160178597	0.557310331	1.095441669
969.4083971	-5.127195663	26.28813536	939752.6404	1137.000136	12.93614947	1292769.308	167.3439631	939.2240413	-4.245643749	18.02549084	882141.7998	948.1017899	885.9807667	0	30.56638	0	0.186495	-0.171883113	-0.03429659	0.024579237	0.053102509	-0.065507331	-0.130975716	0.060433178	-0.004510427	0.118448872	0.014034334	0.088802554	0.146245837	0.007350684	-0.008640672	0.078773484	-0.017004944	0.001689853	0.069132069	-0.035990481	0.133083756	0.148612675	-0.013397712	-0.060375245	-0.013542198	0.073330156	-0.014414206	0.118325436	-0.037118148	0.008347642	0.010895927	-0.091201192	-0.122510189	-0.043216594	-0.015671416	-0.078671698	0.005252672	-0.033683501	-0.081387881	0.036635203	-0.065098861	-0.188879565	0.006610242	0.053464053	-0.001703124	0.008614309	0.054840169	-0.031459192	0.077445857	-0.029878335	-0.158083405	0.0566301	-0.0155098	0.003206968	0.000240554	-0.127889	-0.017716	0.000313857	0.016355596	-0.197934	-0.1462885	0.021400325	0.039177868	0.00307433	0.00151231	2.29E-06	9.45E-06	-0.00113121	-0.000649063	4.21E-07	1.28E-06	0.00041728	-0.000224885	5.06E-08	1.74E-07	0	0	0	0	0	0	0	1	1.407621523	0.661537042	0.710160727	-1.076343861	-0.87497011	-0.275921198	0.081848213	0.195167981	1.175688125	0.435373081	-1.788740514	0.900071967